Algorithm,Operation,Iterations,Average_ms,Min_ms,Max_ms,Stdev_ms
SHA-256,Hash,1000,0.020256,0.009200,2.560202,0.124670

Algorithm,Operation,IterationIndex,Time_ms,Hashed_Data
SHA-256,Hash,0,0.032800,8b8070fe5ca76b304abf115770505bdb325aa7d25b5c54732a9ab0352854da3b
SHA-256,Hash,1,0.010900,25d482821a321f755dbacfa0042e95ad7c406dc90596199cd29ed47fa0dcdde9
SHA-256,Hash,2,0.009700,4dd169837e899e65370581254cfb88802d7f22e224448a0f26fd472449e98237
SHA-256,Hash,3,0.009800,3092c73823d39e7a93a0422b9ed70839aa98799d1c4c537149b8ec49399cadba
SHA-256,Hash,4,0.009800,8abede5b29e65abb74dc00c4516ec613b4ea31b51997839aa8ad4beb8baa8491
SHA-256,Hash,5,0.010300,2387a6bed31474d42484a487af399b559fa7cdc17189c106f5717f647ced416f
SHA-256,Hash,6,0.009700,436d6e7e6ed35b35b20107547a485f320e39a668f9b1fe6f21bdffd79453def7
SHA-256,Hash,7,0.009700,e0f90f7bdf8e4d5600a1f76d1938eeffba576064136e2cf33e743fb409286df9
SHA-256,Hash,8,0.009800,3c52872789231f9a09527cbeea7e65afd6760b4d7958921652edd01192fea2f8
SHA-256,Hash,9,0.959301,e7a10c0744d9f34087b12ebf59141913eb3a58b0608c0d7561ac6b7070e0b5c4
SHA-256,Hash,10,0.012800,fac9ed28bdb254afaef13c96a6476c8258e735b131afcf85a7a11b76d3bf5510
SHA-256,Hash,11,0.010200,6a72179e3eba86df138aeb90a1d77e207a0ebcc68ed3262b786464678b6aa9af
SHA-256,Hash,12,0.011699,fb3b12db177c060bf9ac808751f91c20b6f60897b47312f0e325ebd9e2a48900
SHA-256,Hash,13,0.010001,e7ef687ea6ac71fa950b76e312510b4487a2cd72a46d4995a5825020c45fcd24
SHA-256,Hash,14,0.010099,cd035c97cb31c531f8939e52dcc78730579533eabf33043ccb0db02b9493d62f
SHA-256,Hash,15,0.009800,244dafbfbccd1e9a7409a8ad2b1022b0dfd7207850ecd97f2d7cd91ffe369290
SHA-256,Hash,16,0.009900,aae1d0166e3539088971b9adce38e6fee926664ce0fc7e6ed4165834b1e1ccba
SHA-256,Hash,17,0.023100,6959cdbd1bb5816b7da6c28cbce7e717a45e59b64775d3053edc6dfdf44e467c
SHA-256,Hash,18,0.010000,afb245af0575f6966db594147fb454ed839e8447c56c2e5cd874187d5fda4b7f
SHA-256,Hash,19,0.011800,d5e4778c4e00721eace97ba6302dbb6cd493619f21986c89a07a16d2cf3128bf
SHA-256,Hash,20,0.010000,ff2338e668c2c86ca9d3e94006473b26b41c97bfa4009da87e722b6ec2258ffc
SHA-256,Hash,21,0.009700,0cecb18806ee17c67949ce2fc17cacdf7139b93d4d2873f98e748c971d75c1ed
SHA-256,Hash,22,0.009600,0d9548a65e46b0511a75d055722f84ff5110c1ed0805f980a0c6d803faa89510
SHA-256,Hash,23,0.009600,c033f5146ddddf5c0b23aa31fca93d17aa0c26c1dd8868d568162b6d1dcd2293
SHA-256,Hash,24,0.009600,b19018eeb47e09d4f5d6d877fafdf6438881d79d385c33a4ae13d3bb511fc931
SHA-256,Hash,25,0.009599,ef1f57d0d24ff5e924e9dcacc9f82a3d533cdfcaebc58f8fa032380640fca690
SHA-256,Hash,26,0.009700,7f318ab1a6770ea03982bfba4ac7e7ad2b0b02cd425cf70c04b5899c16e27e00
SHA-256,Hash,27,0.009601,ba5afbb9f7ad4c23c705ece4ee4b6439e9d7552e37294e396022589717667659
SHA-256,Hash,28,0.009600,9d8b8cd26f4129cc7e2e95fc54a5dfbc2135f51858220904c2c943ef8da5a3be
SHA-256,Hash,29,0.009601,06aafa891eb487c24084d557c89816d4e6dec2b512c8cfc4097913c46c2216df
SHA-256,Hash,30,0.009600,a733ce1f54dff9e5e8422b38b4a27e5ad9a23d46d38ac353ef84ae24036cf196
SHA-256,Hash,31,0.009599,5b8e2299d06c193e2ee061c0fda90c9fb799e2d953bf71d0e3b11c361be9cf76
SHA-256,Hash,32,0.012000,d66614f4c9735e02de965be58133cdcb8b63ea32de5e2cff6975f09d0ff5622b
SHA-256,Hash,33,0.010100,e31aa79d8e088d3e14c183e3a46fc1796122e3f747d83c8111b0cdf06bc055ea
SHA-256,Hash,34,0.009800,419d94a3c83765b9d4d737beb9a565147ec6fca58598c5405aa413010ee66cb0
SHA-256,Hash,35,0.009700,ac994c8cacdc9b1f7b30567c410bbc343dc8d60e62aa7a8c48484a17341c8670
SHA-256,Hash,36,0.009600,7544fd3213715b4e6ccb24511387af4ddf1e7ddbfbb76d8de3d104e1d6ac1953
SHA-256,Hash,37,0.009500,af5f81045e7a77c41838d910238f9fc82da03ba41e54d170e3d0e27ea12e71d1
SHA-256,Hash,38,0.009600,fd0c19e21f1e9b3e5c8acd9bdcb5350ea91b07216dca75e98521510f36c400cc
SHA-256,Hash,39,0.009600,c34a004ba42373f06ef8eb121b825d357c98a7aa4dc0bc15fe98621f749f1c98
SHA-256,Hash,40,0.009600,80f9a24ce1b4c36a8fce3c7c514a1c32f904ae51e79c0259314f886855aa43c7
SHA-256,Hash,41,0.009600,74c267cc1e44fcad20afc238deac41848136f4f05a6cd7234226b371cf115493
SHA-256,Hash,42,0.009600,f2add05023d59599c6c0b25283d71d9885a9b30eef184de6c8d887afd44632a5
SHA-256,Hash,43,0.010100,9f18f033513f4927090ba4864ca818254f1437ee9308de761c2a1439ebaff611
SHA-256,Hash,44,0.234001,11ad43109ce090b289c2cc2e46bcc0df83d04317e0d10fe03af0c6fc06115392
SHA-256,Hash,45,0.010300,8e51858ff2dad2868f55e32d2bfc4292dcb7505434045cfc2d9ba895129c908a
SHA-256,Hash,46,0.009800,50beec4ca4fce6011819ab5fde42a57fd987ef4efdc9ec5c483d4ece2e9b8635
SHA-256,Hash,47,0.009600,340463947186b4ad104eccbbaab292d4df7eb3230ef3de4eea546480c3ef5125
SHA-256,Hash,48,0.010500,9ebe2dd205088620231d3de28c121c6c59c4014726b766548aa56e97168de046
SHA-256,Hash,49,0.009800,aca637207293a78573d31f60e919e5b8f9f877fad6e5597e31ee7c90e98290ac
SHA-256,Hash,50,0.009600,0c221c255edf6f838cd57eb9e578f23ccc5f1e3631d6c0c16ea53b413d286b35
SHA-256,Hash,51,0.009700,c6193220b3d97e497e6243a782db09303aefe08bf8cb1ef0fe7b7776f6cd81d3
SHA-256,Hash,52,0.058500,0e3796e243cb00d8a396ae1001979357305734c1853c814b3ba3c41ddf6c682c
SHA-256,Hash,53,0.010000,ac138cffd371e76e2bc3433ce2d2d5af88f50a033f66cc162bd40746cd0462bd
SHA-256,Hash,54,0.021200,75c0e4da16c50df87199db580bd7ad0e2cec2c6ae88aad23060b75b552907c32
SHA-256,Hash,55,0.010000,4f5847889fef1e8c5c698120f35189afa9b0bd417b4b1a2dca76070c5f51a217
SHA-256,Hash,56,0.009500,137204b19d1354482ef0f463cd9fe68e1be8bb376188ad32b53cdeca42f5d782
SHA-256,Hash,57,0.009700,18f62b1f01e2a1caf388e6990407635ed84573775000f0a8712bf9c3b6c9d0a2
SHA-256,Hash,58,0.009500,ccd0e2053538f71630124418df71c289df401d7e0270b7581f593a86895c82be
SHA-256,Hash,59,0.009700,b77cf2a3d8e000cdabfba87e055c165784e38bde04e9d4d383e40ecb4d16c714
SHA-256,Hash,60,0.009600,36e52552f2c749e06de6d15d5ef77de315ee2c781a1111aac84584780634f281
SHA-256,Hash,61,0.009600,6dd30736c8793dc8f690ec6479d5ac7a4fbaac8b512f8bb04489c5d4ea4cf3d7
SHA-256,Hash,62,0.009500,2668051ec220926133f50f15b89b61a735f27815072960ecfa469908a3ae201f
SHA-256,Hash,63,0.009700,fedf54de2312ad55f27dd519c5ba96815f66b39d658b9310d9ffd15c3579d524
SHA-256,Hash,64,0.009700,f3054e1f8a033467ed8c65746368fa43fa394b68d0d467d79262270ce3d3d9b7
SHA-256,Hash,65,0.009500,e3d5a4c6cbcdb2b348afe593a0b9b6344ba1f1ee0cbfac9deb71a377142dc8db
SHA-256,Hash,66,0.009600,49832b350d87639726543a7155ad8ba60026f0e2b39487697b88da943df8abc5
SHA-256,Hash,67,0.012000,547d7789c26deee3696d4fd953c954cec60cfa00ac73d113b6dd2bb02a94572b
SHA-256,Hash,68,0.010500,eedc455e9ff5edf3e42835a36b7fb7d2e0c30098253fe331197aa545f4434812
SHA-256,Hash,69,0.009900,de49374fda0779507e3895044e8097063a03d6f7341093fdc927acb3da1ec6c4
SHA-256,Hash,70,0.009800,05ab714d8e3fd99eb15ce23f1a3b71de16615999f6cfcabf7298e2d0fcdad39e
SHA-256,Hash,71,0.009700,e9550d9042e1760dd4fdf2a860c4a273c1561a8be0a90addfab561d41d857136
SHA-256,Hash,72,0.054900,29f05a7e2255be538c0da7b41a0f84cf46b9d6a611b203335bd58c7fa3d8af14
SHA-256,Hash,73,0.009900,952f364c6f5fd77ee341f0764f932999f525079f964d0cb34f6bc430aab68317
SHA-256,Hash,74,0.009600,9ae26f81ada7ab6f61af4f5007420ad984dc2860cd0db02bab31fbf32de41702
SHA-256,Hash,75,0.009700,3df54ba931603a9c8dfa867b1260230342ded284f8539d95ea63b4ca690a944a
SHA-256,Hash,76,0.009900,09937b33cb01bdb95936005f91026a24e3ee5688c224b5f818a1c27eeef8c85d
SHA-256,Hash,77,0.010100,c1587b0a32b39ac4f048a3b8272457f1d65f78c482a73962cabd17cc016d749b
SHA-256,Hash,78,0.009600,26a43885551953d9b4aca26912814f69b3c2b54432e60c1d2ad7aac41096b98a
SHA-256,Hash,79,0.009500,8adae8aafe027edcfbaf0b760d2a100d9f4467c723dbbb8f9e40e589cd8dad8c
SHA-256,Hash,80,0.009500,16b07d6a570e6eb43a8efb63636ea526819837f6ab097060bff417b113f0eca0
SHA-256,Hash,81,0.009600,1ca24e9f389e9afcd0a61d39f0da6ca4abf8c3b6bf28e8ac5e04f8caaebd897f
SHA-256,Hash,82,0.009400,ca45b5f28c0300847773c26d92c8bf383c9ebe2092ecfdab64356d3ae51aaaaa
SHA-256,Hash,83,0.009400,71b45af8987f05f3f43b9072663134f5cc81513701f09fb22b81c87bc621e8de
SHA-256,Hash,84,0.009301,e78114f9c3373bb424b311aa2b329a8869b99670e9ed89233f2946182fa634db
SHA-256,Hash,85,0.009599,6fd1e593f0ce3e117b5d01a94595ed45a0b9d458175057c9d49d5e01ff5b208f
SHA-256,Hash,86,0.009500,a8c2d2d59895eb7e38139edde4493050754940adefffdca389e5d5c4e2dc867a
SHA-256,Hash,87,0.022300,29bc8ff99a6348e91a805c966d8532fcec5352ca535893a127094b17e4ab885f
SHA-256,Hash,88,0.009700,c1742c24f7419170f15cdacb3a15d087f540e4731ea8f705c947ab1ea509c839
SHA-256,Hash,89,0.009600,d7a879285a86f0bd737445d02c17b97d8ad5c0cb7b9320ee6d018b5fb26a3b61
SHA-256,Hash,90,0.009700,10bd0c84d989c327325e71d7da1c89c5b234552353130a9cd7385936afd5b2be
SHA-256,Hash,91,0.009500,0078c7d0e89544c6ac3fb625f4e5a06b95c4846638a64eae456d61e93d37f947
SHA-256,Hash,92,0.009900,21dda49576ce69416d93ee247f8b580b44553a70d2351da07d708b5dfbb9680f
SHA-256,Hash,93,0.009500,dfc08b18322ae7f2d20a0cc83f545a822884e6396918117dca22819b67c7c162
SHA-256,Hash,94,0.009500,4f0d232da304d86f863719e73e84c5c713a5ac6267c0e3ca15adf7a029741b0e
SHA-256,Hash,95,0.009400,6ecbde60ae977667ad1d48778d9e0222650771f3dc1f6e1c8fd62f1465be3eda
SHA-256,Hash,96,0.009400,dea2811cd3a9b8503ab178d527a9c45011cff6621584c03e21215896f708fe93
SHA-256,Hash,97,0.009900,85de8b153641a31bbba19f09bcf8cb69036b7d3cc3972d610eb3f949a4e9f0d0
SHA-256,Hash,98,0.009500,70c79fb2c8b04665de8d44c0122c6ff809724bb5c719d7ff892b8d95a8f96a62
SHA-256,Hash,99,0.009400,171b8e037d9d477b35e04e150e898cf5422c689d748262578158cc0eb463becb
SHA-256,Hash,100,0.009399,59525f771e6057ce7f085884696489ed49061851755741719d8d94fa177f5817
SHA-256,Hash,101,0.083300,33c1b996f551e8b74a31c0527839db848a9ac7db27d5b9d504f25e44c1b3f299
SHA-256,Hash,102,0.011700,735396f171bbfde568d90953448d67e0696431b820eedf93b651132e45a72b12
SHA-256,Hash,103,0.009700,7084c9d443bea2e7064eccbd79b690d38b8aba7ff1395ce29866efe92b25ffbe
SHA-256,Hash,104,0.009500,3826c745c5b37b4db46e53732863b228c156424f57a23fafd7620f4e6f656975
SHA-256,Hash,105,0.009500,eb34b3f0719ee4761aa3c91f93b043ed5040ac400358edc10ae84de853690fc3
SHA-256,Hash,106,0.009500,aebc30dc2f4a5926ef11df1c1b5de2234b7666c884564c5d532ec05b5017aa9c
SHA-256,Hash,107,0.009500,eb3dc7d94675dda168eb53e77d30350f0c98f5ece5597f62fa81a0f2ad037092
SHA-256,Hash,108,0.009700,1eb3a1015cd6f43e93658938be22949eca9e281736f2e9021494360126b14b2d
SHA-256,Hash,109,0.009400,c15fec7a9d77afb0b46abfb61f50d35a365980279a9b7a28e7a0a6be6b69c798
SHA-256,Hash,110,0.009600,ebba46317182335fabf5839f491d7198201aaed1d5c0b9dcca6373fc134a110a
SHA-256,Hash,111,0.010200,548caf786b9bb9a03922011824b5b733076a1fc726a069f751c7da799d7e7068
SHA-256,Hash,112,0.009899,6da8d876ceb94715f566df0cac6bb87e7ca8267e800de848243a27c241e875b7
SHA-256,Hash,113,0.009500,5d2bb04775accd9407a6a26a9039d2cd8645f069f4aa1b3dbfd29918e3e6974a
SHA-256,Hash,114,0.009301,8cf8da13e0ae6ef7f54b0e7aff9e7d4a49b21f3efdea885c612ee6ee07cf669e
SHA-256,Hash,115,0.009500,9de795daa43eab2fc9d2512aaab47008b4cd4296e4de2280d104a38622f73439
SHA-256,Hash,116,0.009400,bc599332d841f13daaefbe70988439290550cff7604ca90681b7c30908a69d71
SHA-256,Hash,117,0.009599,e5053401893721b5ae9150c9cdb0aa3e7e1a2f3aee9091f47799b46e25e49763
SHA-256,Hash,118,0.009500,5bca7b38f13371733fdbb552866aad29582ab7b6886a35c296cbd751055fd0dc
SHA-256,Hash,119,0.009500,9f5c7ce49f615a2609d67b54467a435421a8c90e293fd144042e5f98038ea9f9
SHA-256,Hash,120,0.009500,d2c6518228978a6f380be5ec12ae064b78969da0f9b26998b00e8ae50aaa0176
SHA-256,Hash,121,0.010000,40275c4da5378299a999b982783ecc60814bcb554c8d3b0560dc19aadef6b2f2
SHA-256,Hash,122,0.009500,943321436e0baec6f67fa37e72aa6caf120c1fb7b683902c8c42a0bf13145583
SHA-256,Hash,123,0.009400,de15ffd8f0025c4894febc3b577bd55c67fa7c9f075579629692f5bd0c73acb8
SHA-256,Hash,124,0.009400,0023451b011519a6d83a463aacc6fdf735bba2adf8a06256e822a61dc160222e
SHA-256,Hash,125,0.083400,0b707659d3c6982d51340b1ca5d183fcb217db920411c27e573af15536016fbb
SHA-256,Hash,126,0.010100,fe31e9d6c0c47428308c5918af2c6143650e8288839bacdc6e692212e60b6954
SHA-256,Hash,127,0.009600,4ec560b005e2909dce6754797119aa3a1a56e100aa880b422cded028be99371a
SHA-256,Hash,128,0.009899,f50faa4edcfed41e957fdc49e613822314c2986953b29714d82a55efe7f6c472
SHA-256,Hash,129,0.009599,2be3e58d2782d1b4c3135d412d131319e6633aade01554ef9c7c9a6586b9b2fd
SHA-256,Hash,130,0.009401,fab721ad7435c9ce374612b9a06286095f286b2f64d207cc33904eddce794723
SHA-256,Hash,131,0.009599,d647825aa41526ce9bece166d4765a4b374f99b478ae14d96f5cbe528c746b87
SHA-256,Hash,132,0.009601,b979ae070eb6068f165b29dfdb6415b97c1919cb219b55c94947b96f1ea9d918
SHA-256,Hash,133,0.249700,f317130d67c1e27f391a860f44ff71c5ec24b194716ae289c02db28a39a09831
SHA-256,Hash,134,0.010100,d46acabe3983cd715504439561d0f02e81fa6ebd90838cfe5879c9a3994e15c2
SHA-256,Hash,135,0.009600,0392b9a542e95178c6dc117abb1466d01989ebb4e714130c7c32998c49814e4f
SHA-256,Hash,136,0.009600,80f53b37f7b9332e8a56aaef9c1882eb16dfecd0aad3f0121858c4d076a9bf4d
SHA-256,Hash,137,0.009600,ba9a48e7296d877485e588c2dd175051d3d6030a9719b6dd7f95b189b99f47f0
SHA-256,Hash,138,0.009400,5c35102c86c3c5b82ee4c37d55d969fa89de47567a52fbafe5960de5bfde2938
SHA-256,Hash,139,0.009400,9e3eefc6879c504373c7c531b3f26585f37d1c4ac89c1fb38fff208ef8748472
SHA-256,Hash,140,0.009400,9376f5ef2e4167e770161165f328e33a0dc255e2f6cf376a084c8f3f60bac2a7
SHA-256,Hash,141,0.009500,d9375894f3fa08c53cf213dc2f68b500993c7db386b8623a79b61799911e2096
SHA-256,Hash,142,0.009300,f3044193f03db6f45e2097846c87b8623af2bcf102903c63ccc86c331191cbd0
SHA-256,Hash,143,0.009401,7ea23ccd3a4f8482e529f22e4eff74ea5f5690818aee059d66f75b3a6b402490
SHA-256,Hash,144,0.009500,f0d7f94421242b641e2d87f52ea8037a952c76b5b308a07dd2814a1ea07d3ed1
SHA-256,Hash,145,0.009600,1badc198889c86653893a483fcaadf34c3e85ab25fd8f049ca032235a7228f42
SHA-256,Hash,146,0.009400,5f1b892d32f95558e42afa0afc01fe95ed8723ac8d887e7ac93310e23930f3ae
SHA-256,Hash,147,0.010000,dedbeb45bb625e301e65c805095d4c2175dfebd73a7834efdee3e0d0a8e70245
SHA-256,Hash,148,0.010000,a688cb4ebab8bb59f3325ce9ecaaf7bb0091f9a059501e327f9f28fac39319b3
SHA-256,Hash,149,0.009700,cb9470781aff6dbe626a02e64f1fa2a4600ed7e4dddda552f60e240123801455
SHA-256,Hash,150,0.009500,80c4e7e35a35e29be27c8576e8efb48af0313726c31c1b001e8fe5101aa4c51e
SHA-256,Hash,151,0.010200,04f79c545090db786b85808aa597ce625ea9fb063c3580c888e0b91cfd707f48
SHA-256,Hash,152,0.009700,2a588d885689de616821d94b35327b46ba4128da789f7be64a2619fd0d5fc834
SHA-256,Hash,153,0.009900,cbb263d1600f88cec96d00f1860551fee549caaefcd245012ae00e8e3fdfe872
SHA-256,Hash,154,0.009500,c7b8da03b8a8cc8216d694d957538ee84386327db69c957b56bbb5c1fa0c03ea
SHA-256,Hash,155,0.009400,e372ba118ff12509c43c8b5c569f4d3a77efb8b5eb4a80c9fd6cb8ed39d04ba9
SHA-256,Hash,156,0.009500,e1a80af1286be7a0f4f72bac90fbc7c6db5817b4d3e62de98caad09a61193e94
SHA-256,Hash,157,0.009400,f51ada02d296d880d41ef6de642cbca265c432c13fa3ce9914dd79da66f843e8
SHA-256,Hash,158,0.009500,e69f6a60177bf246a9c703769f80587f89cab4d49c43a8107d6eb314e8978742
SHA-256,Hash,159,0.009601,5362321b5dbb4af96e80b9884fbe604878803ae513d303eda495af0372f87d6c
SHA-256,Hash,160,0.009400,fb09e1814cb75727251963a6cbdf0f45bd05f7bbe18b9ef86c4cb77b3212c70e
SHA-256,Hash,161,0.009300,4aadc69edf87d803331cbb7c99b5d8f4454042284c8cbb087b6c6ec8590afc7d
SHA-256,Hash,162,0.009700,0c7d91a023c711e1c429e1bf47c1503683eee94e4a996b0377d6e2788bf229c3
SHA-256,Hash,163,0.009500,202a4db1d6410adda63de35fbdfde8cd2c61db60cc04ba7397080bedfbf9201d
SHA-256,Hash,164,0.009400,7f10643864d48f83f70b7df61cedb3facb435462c80bf7239f7537eb724d3304
SHA-256,Hash,165,0.009600,a92c1fbfd42f8ec41d766ad34238fa15cf04d235747b1bc4302182f6d7f88981
SHA-256,Hash,166,0.009800,e97b6ea41818299c3a4d37ecabcd3838e821f44e12ce68b4201312a209c444b9
SHA-256,Hash,167,0.009500,28a06a608d8daaf5c271c9ab960a69a0c8367322234f0cdb17441cce35f43d66
SHA-256,Hash,168,0.012600,412b2980bff85ca17aba95ec85ed8ca4ebcd1c5b7f63bc033100d24f37505f2e
SHA-256,Hash,169,0.010100,f71c2516bbce61159785a617e40305590c9deffc0f91d8580505ba38a2dfc6cd
SHA-256,Hash,170,0.009700,fe99b1136c577150048c515bc41633a77f9f597305ee62825268dde4d16c6353
SHA-256,Hash,171,0.009600,b924a15157bf6d0ecc93cc0556b11eea9055d3e89eb46ab9ff8b8a9811ab2f58
SHA-256,Hash,172,0.009800,198f54fea4ae5ce5360dc9efb928bcae5d433225fc4c3ec01ee3641e0f4e0c1a
SHA-256,Hash,173,0.009700,628da6b00a992b47d98f3a9a09c31181a308e2443320e5da591456557e5a866d
SHA-256,Hash,174,0.009500,37fda77e914225965eadaa6280c7671cd73ec17b3803b2a905f787608a8a856d
SHA-256,Hash,175,0.009600,0cfa4d7d2861a1efaa7dce71a40e24cff94282cae06ee123e4153ce726d9e7a0
SHA-256,Hash,176,0.010100,26894dca7b209d1cc9689621af4b056500880506f0b726ba229feba95b4a81a6
SHA-256,Hash,177,0.009800,d627d9778ede7d4920ead6c5561bdc8b7ec497a943afc1df64dffe9d5f1821f7
SHA-256,Hash,178,0.009700,d349cf3e178446c30bc0353457926990478dfdd7cfd0a921148a4221ef2d3b98
SHA-256,Hash,179,0.009601,de99040b1cc33dd5e262fd247fd68cb7c7818c5b6868e3e99ee290306eeab7ae
SHA-256,Hash,180,0.009500,db9792ff79ecb68a769380026e3c1c513aeb972e6854086b1094f748de54c37e
SHA-256,Hash,181,0.009501,588c756560453d0f740bb6d1787d9cabb6b58929b8ebba7d903221ffe22be6ca
SHA-256,Hash,182,0.009600,23bdd646ecd3767b396a21c7cc73cb99ebf2ce4c5d300d25745917e2fc31e960
SHA-256,Hash,183,0.009500,cd695eb486bb9a65a9b4360bb2c4e068edb0530e0e4cbc02ceeecf0fbbfed642
SHA-256,Hash,184,0.009600,37335bccc38922c0c18a7e7820d2026baa3e0d38a3dd6f9908af9b54c59b4372
SHA-256,Hash,185,0.009700,2579a155d673a7d013ced2acc4fb7af99541c04fc6331fd7212036f29af67206
SHA-256,Hash,186,0.009900,ee0b3a5278a8f5b5537738c2d4beca39e1849db60f9d34532f7658099a9b6180
SHA-256,Hash,187,0.009800,22a1de3226074d2c20fbe9b6fd3ba727d2d80046d79570cb7787fc1b399d9359
SHA-256,Hash,188,0.009600,e15b5f539207765e8f3c36c19a6d11d57ed2a377df60ee8d7542cb703b5bad2a
SHA-256,Hash,189,0.009600,7492b6ed0e9214f40f07ad5c35672d9f1ea690806440f7506f2c751a63f33cb4
SHA-256,Hash,190,0.009800,f70f9205a3d970c123723930e334d4907173e216927df6f96bdc7db46fc7981f
SHA-256,Hash,191,0.009700,204d808593b8e2e76e923c573b022d5bf185f84c883db0faa71d4decaa2688df
SHA-256,Hash,192,0.009500,b05a4b324e3ecfd261002a80a62bb8580a945164ef7b1c96cb5b48e0462b4d2c
SHA-256,Hash,193,0.009600,3d07e38f11ed52f1ca26272efd5d394835497e7891c65e97969ae6a3b96b92b5
SHA-256,Hash,194,0.009600,54db6d28fb2ca420f99350744bf4e2026386a74f7379fbbf9b8eb3bae3224b88
SHA-256,Hash,195,0.009600,5b8cce1633398d7d560b0093c780948599261375055f7234be4fb01711b3ee1c
SHA-256,Hash,196,0.009600,6c2f2fe20dbe5d745773f0e06c737689f9aa8310cb83bd04ff35a40572be30b7
SHA-256,Hash,197,0.009500,857da0b68ed0e4f63cd17d31152bf9dbacbe4c62c370db522dac579540b93e36
SHA-256,Hash,198,0.009700,200d8ca36b91914cff8fda9924f40529f780db691143800ce7a8e6181656ce65
SHA-256,Hash,199,0.009800,00e38292b12f5513ddb2aa665ab96f794d55189d005033cd8fdb513cfe9543d6
SHA-256,Hash,200,0.009800,514f4b86457c70ef9878e8a12e5a2d6b60711ea13cbca4704298e85d9b2cbe35
SHA-256,Hash,201,0.009600,3f247255eecbf4f92cdbdce63f69522e841c6773f364c53b207d7606a46f0f4c
SHA-256,Hash,202,0.009500,21fbc1ab0696ae55edf8cbd6aad83fbe3e12cd1e4ca4105a2c9d1e427d4a84f7
SHA-256,Hash,203,0.009500,aa60431046ce3cbb2d69b65a31ad73097964759eaadad4c9c4fa59e11db63102
SHA-256,Hash,204,0.009500,6334eab5d87ab40b7796275ec0ec391510b02d273b1bd355258ff0ebf2fb4641
SHA-256,Hash,205,0.966500,c23e6bc6037569d6ceb13417333864353bc17361f516059fd647def0d4389077
SHA-256,Hash,206,0.012400,a7a011c8acbfbc7084af67033a261258f5bca2226e8f286f91185d0bb48526b6
SHA-256,Hash,207,0.011700,f3ee67beca49bd28fd9ec4f7beb0814334626c070a4b2666ca14e59fd9e7503c
SHA-256,Hash,208,0.009800,3febca79e6afb99ca01295ac8ba3746d9ba00be33ea009192922df440990d871
SHA-256,Hash,209,0.009500,3c3f3fce8c53f95c766e9bc4f1cc7b964a23c2662021a55373d1068be12681c6
SHA-256,Hash,210,0.010400,6cafa45f1e7d0f952cde2414a33a8bb2d1dde90837cc9058e8b26ce4e5980e34
SHA-256,Hash,211,0.009600,4618e17164699fcba7a8b47734a0c06d267428641bbf6ae03b6f19714950cc76
SHA-256,Hash,212,0.009401,56f694702534e357fec75278828ef0064f72bb67cd135ce5f1266155cae70b61
SHA-256,Hash,213,0.009399,6f511de7a390e055220ad3b6793e2e1ef895175539cb1bd2184d2217c15c53bc
SHA-256,Hash,214,0.010100,9fe24a341206a31c5a54e8c0e9155c2b52f42dbdadca31aca7b57f1a42daf886
SHA-256,Hash,215,0.009700,8a2bd4cb13af40795bbb4f98cbeb1b8a6078841e349eacc6f53a6ed2ce5b0765
SHA-256,Hash,216,0.009400,40a4623cdbc56b25542837ee0f9240caf6599f87dfa52d2b5153be60b016ef7b
SHA-256,Hash,217,0.009300,2ef0248936900a14b4f61ef29886725e9a33d8130931ca24efd42dd3f338648d
SHA-256,Hash,218,0.009400,175f7913890baec4139a8193ca41e586effd833ae970df0363ac6000f405a775
SHA-256,Hash,219,0.009500,b699ce99dd7f236908ff9e58ecb25267450c01e93d00553cdb5a5d7a6939d709
SHA-256,Hash,220,0.009400,90458ca16564f5c5299ff59cd6d85a11a2d86ce94abc228e782d913996892a17
SHA-256,Hash,221,0.009400,79ffdb673ae3a91efdaab9db6793590c16ada328363abb3aa08e69926d085ed1
SHA-256,Hash,222,0.009500,a2ccc756d89fe3705e206bc275c07c9076974926cce2ac1ee0fbd07c6d4a4104
SHA-256,Hash,223,0.009400,e3e75f9c6c25d9f9b65edbcc3a9d090f2543a766a23763ae8210c5f53877a392
SHA-256,Hash,224,0.009600,7b6fdc39cf2c5eb1392ea3e70f7e0c59f2bc0615978f6fed0e6ff2aed4914c6b
SHA-256,Hash,225,0.009400,83be147926ca15663b41d2a94fed90c6db1d6f2e4eac6c4116ebd96f6dd3c9fc
SHA-256,Hash,226,0.009300,3863a9247ba5eaa01e3843ecdf340f8e41abd9cae54c64a1234388a09368a7dc
SHA-256,Hash,227,0.009400,6e9265e8d2108c3d128926e786a26e49685a8b60e1297a091a03571431340967
SHA-256,Hash,228,0.009500,930015fc42357e89f6b8e4d9168c8966adf3262af0d194f8860fa040fca342b4
SHA-256,Hash,229,0.011700,04714ece7a1dba25519fc1b4abfebf05c35d11bd4a56612653a4f4274db337ab
SHA-256,Hash,230,0.009700,904168c00ada75e2e0921ccb56d6021a3c0865458313b0070394801b49fc2d8e
SHA-256,Hash,231,0.009400,eb7579c372ec48666b86225eae8103e030d694442358a31b1e97822fa99e3159
SHA-256,Hash,232,0.009900,6357790db01f49fbaef4ad08c34882b16e397104d6f2a69f2a39a2ea32a1122a
SHA-256,Hash,233,0.009600,be4f49a85afdd977502352696e60c6be54fe58145840132bba27c2ffdb058c4d
SHA-256,Hash,234,0.009400,9c63d011eaadbe0c7dff4dcfecc83cdeae6869d9aaf3701f18aaac9814c381e2
SHA-256,Hash,235,0.009700,cb1c0f848f597c409d9402930e5937d3f96a21c8979ab6d4ac098dd6266121d2
SHA-256,Hash,236,0.009400,7860bf735ce4b7d5955e7c0fc137995dd21d0c15a8ef5579e9d9afa156361389
SHA-256,Hash,237,0.009600,183857f38f97d8aed1785f71a6b4715ac10cb7e42326f04cd025c841488368d8
SHA-256,Hash,238,0.009400,ac1480b7a7a1bc0139978aa8b57bfc49d3f69fba91ea21dea31dd693b45a5d0f
SHA-256,Hash,239,0.009400,9624c88eb6b855cff5ef75ad2694068022cda5f653f16ad50a7609f3121c088c
SHA-256,Hash,240,0.009300,556c790671863fd8e19f304dbf5f8932ff1a346872e1670572ca4ac3a9e10f2f
SHA-256,Hash,241,0.009401,89496c23c8275354807b402e221af9b4912ed32dc6b5ca217f1f627b1cf46312
SHA-256,Hash,242,0.009700,999299ec758ae43affe275f1e43ef0b269dbe00d7cead9b51d73477042fc7861
SHA-256,Hash,243,0.009300,da92f8b4800a7784c6d9a2543e0d96f00ffd528333b398264695ac62223b7398
SHA-256,Hash,244,0.009500,9b5dbec3c6f4f68c94ae835c2bb58bebc5e3092cf4247be43389f2c51814cdcf
SHA-256,Hash,245,0.009400,5a41cf0328ce61e7bffd51372d0f47b1b70c9bf395a83978c95fc55e81636314
SHA-256,Hash,246,0.009300,20dd00ce37397e10a7f0f45eca14779e0591c8d176f4768521cd8cac91460cc9
SHA-256,Hash,247,0.009500,df714b94787d4808ef0c9456654d5808630577c19b97a392977b259d9f703807
SHA-256,Hash,248,0.010000,13f7bfeafb3c688d223b6239eb754e45fa5dd2f2a6f81e0774034f20c97f6a0c
SHA-256,Hash,249,0.009500,754a85bfef0dfcf201f376ca69ff1f3a78aa853101eb31559de7b033ee01f11f
SHA-256,Hash,250,0.009400,f3fe5054c0c5562411e694ef27d18dbea6c2f2a191272e06b686a2432685c226
SHA-256,Hash,251,0.009200,679c34b53cded5fd4a1dd1e9d8d2cce77411c31bd148f7d5c83f4c53ca9b7680
SHA-256,Hash,252,0.011500,48785bfaecfe591afc196b5b024e79f310b575e2f6ebd1f34702ad52ad585dc2
SHA-256,Hash,253,0.009700,2f9bef2473a53e514c19cc4786480d3f553a5e6aa30a81daaae015804cf9a2da
SHA-256,Hash,254,0.009500,c11bb0acc5bce5f3e340520ed19ff933d68fdf19b0002764cd6d3469649e7207
SHA-256,Hash,255,0.009500,a936b172936dd02d6169783065a38452e2a4d0d921d8ce58acd89abd5e6d3088
SHA-256,Hash,256,0.009400,d21312627819228587889d2386c9a3eef453e6a08686b0a85f8bc7d8c0f8b539
SHA-256,Hash,257,0.009399,fa745bb21e77afeb4cbd94fab9be9ee5b06612df173c33224fb101bdb94fd88e
SHA-256,Hash,258,0.009799,88bca2dd57b9cad4a17d805cd93843dcae19de62a19bfaa93e30125be38e7827
SHA-256,Hash,259,0.009599,81da59402c20610e6e83ff1266558183f63f9fa93d718b60e1329cbf404e1092
SHA-256,Hash,260,0.009301,8cb80d6b02b2ebf155502be7c41360ffafb3c6980aadeb52c32cecd83b14b0a6
SHA-256,Hash,261,0.009400,712cff1b0b689693d6ab5c015840fc529519bec1d8092cdc0752b34dbd9dc0be
SHA-256,Hash,262,0.009300,9c77a1ef5d629c3d9ed9887d1c9adb359aec4f28a179bf9cc0a13cf1b7305aa1
SHA-256,Hash,263,0.009500,d6de55955f2deea29d65a5b60dc8cc1e3dc6906fa8b5eea8b9dc44ad84484298
SHA-256,Hash,264,0.009299,af591e49566e50c5846b12482519c8f56d16501805309e092c570989be66944a
SHA-256,Hash,265,0.009700,ab8097c045a19abd74585d0a9ec449d495b37eef8023eafd1dc68faa3702382d
SHA-256,Hash,266,0.009500,5e41ce8e7b8fa9d452552aeee09b1b8678f718c234a10220001ccd0c50d85b59
SHA-256,Hash,267,0.009300,65cc364c921e2d355b86a1bd87faba97f5ab97b3f177f2d66b455399ff8ae869
SHA-256,Hash,268,0.009700,d348ce555c90779f14d6561de980ac7bc767876b284a5ff1c24d59ff4d664ae2
SHA-256,Hash,269,0.009500,17acf4fe3c007a10c256ffe980adcfe01e715dd166b7b43207a5e124f505d9eb
SHA-256,Hash,270,0.009300,bb36df4453500b5e684e9a27a164b41a20cb61c643bfbc598abb1996238b99da
SHA-256,Hash,271,0.009700,641b4eeb191705532b033e6806bf79e103bce7d46065e97ba72cc56dd9bc9fe6
SHA-256,Hash,272,0.009300,f8fb7f70fdb3a19968fecb6aa72c3ab3fda95db2b722a3e3a5e481a3df49d348
SHA-256,Hash,273,0.009500,9a3ec91e26ba5d7452603c3f94e7892dba42ef907733203cd74bb70f147ffd29
SHA-256,Hash,274,0.009400,30ae60b6eab6480ddf2d86e8f278067565e9b61185867c1240179e50a7d9d19f
SHA-256,Hash,275,0.009401,884153756b28f723cceee79994c0c168623517a3069b4aebe7be4595447dd18a
SHA-256,Hash,276,0.009800,d5b64cd1c120a93733c103b43201a976365cee0ba182ad26d88928e7ed71b7a5
SHA-256,Hash,277,0.009500,ee007985fb7ad7ba6b91c7929c38d70af9598fdeeee72fd8647b017275d3c13a
SHA-256,Hash,278,0.009399,04339cf45b0a242d3524d13b64f2b90f5291c64fda0bf195289396f1779db6e2
SHA-256,Hash,279,0.009501,ef5c442cff506cd46116f4c7a15f5c05061690146dd3ce0e87da6ce9653b6d67
SHA-256,Hash,280,0.009500,ba345523b90d705efdfc25a7211d3ed03d1c137ae07d7d4001cdde4d87549e6b
SHA-256,Hash,281,0.009500,1e4eb54b556dfaa014fbe2b2cc2ce7fa74c0ca63f798790362f427b24bad6367
SHA-256,Hash,282,0.009300,2cd3947fb0c77f3d67791c85f75aafd56e8e089d64ea65d5b17bd7387db053c3
SHA-256,Hash,283,0.009400,624f4c2650da49503df49fde8a06099f68afed36c684dd4f07d38bc7009d6def
SHA-256,Hash,284,0.009600,3d33b4979bb5e7bbc079da37c34e2ae96ab99a081a7fc13b5cb0a8a61b7feaec
SHA-256,Hash,285,0.009400,5ad541e87ab93d14a46d4b96a1e1c499f9541dde7daaecddcd0f24af740a2bc1
SHA-256,Hash,286,0.009500,d39d6fba08aec7dbc7f19c61026c9bca64f1c6dfca4ca0c5c7b7d60bd22ca2a0
SHA-256,Hash,287,0.009300,2c8aa21da82358f800d6dae2b856113f431dee7a876876aa8b3c347a391d7bd4
SHA-256,Hash,288,0.009800,0c2045a3db3a8401a2f84c8240b17fd3d4f0c7c7c7d7245feeba49146e728970
SHA-256,Hash,289,0.009400,ff56511e1504ade07f4743a52d87674aaa23a352575180e928d9b8c640d32412
SHA-256,Hash,290,0.011700,1e364d17001cc116d4d6e375890fbafdf801c75200174a90369e088782780140
SHA-256,Hash,291,0.009800,e9a150d2d518b393d521f56ddb656a91549c44037b9e28f6e4edd03405404725
SHA-256,Hash,292,0.009400,2d702fb0b1f89060b18abb539b35011b032aed34db89143905c06d485a057f65
SHA-256,Hash,293,0.009300,3cf3cd3cfa310599dd512747639371281861c3e1fe835365070a59f2ebdd97d7
SHA-256,Hash,294,0.009300,26f9e49c72f63a76f810bcd2bf34397982bbcf8a40adcd5da90bcdef437fd5d4
SHA-256,Hash,295,0.011800,4a32f0801c48926981ffeb8c2c8c18bf9aee2003100aa4b52a0de31374bd6ab1
SHA-256,Hash,296,0.009800,d29d4edf7d3586686fe79505dc9e45fb616c4ed4cde24303adc09a4b32cbfb23
SHA-256,Hash,297,0.009600,80e6f7b3ac844e660480a9191eb9b6c4324c62827c817561fd65e15d2fffc899
SHA-256,Hash,298,0.009500,de7dadf02e3dbdb09784d9b695eea7e31377748eac280947eb296fb91a1c4933
SHA-256,Hash,299,0.009500,28964b0a821d1ab56fc7cb354d5e3ba2da07fbf90c11fe9ba722faea82b67319
SHA-256,Hash,300,0.009601,8e6c47be3ab0ea3aaadb39d1c710d33c653cf5a28c92835e05a2b0586fb4f402
SHA-256,Hash,301,0.009400,9b115c04e4f037b108788d6e0c05ca6f04a0d43f940e44eec2cbfca88e0d54b4
SHA-256,Hash,302,0.009900,318310cfbbbb2bdfaaa339fb0bbcd3000757177c9a2fc15a6811537b078025c9
SHA-256,Hash,303,0.009600,c9305bcc9222c3b5cd85e9efdddd7563ae1839c990401737201627cb63e05f8c
SHA-256,Hash,304,0.009600,f3f890d29ca343c07f87a8b60073d72f5b4786a9fed1e412e6420163f8671739
SHA-256,Hash,305,0.009500,f3514af3134ec71f53ed9c853ff9cb14abea9532515b5c6d6a445c22e7823845
SHA-256,Hash,306,0.009400,af6c99616694a9b4310965a49d8960fc418ed3c8ea967991da38e5ec4665c9c8
SHA-256,Hash,307,0.009900,664347ebb9d8ff89d57d0f51b84b2d8d4830fa02f968d7b4fff0175b6e3172a2
SHA-256,Hash,308,0.010400,e1c91a429ca926dabed655fb21865f052c67f47a18fd2d447748991eaae1f1e9
SHA-256,Hash,309,0.009600,27ad7b96d5a8ab58eb912c0447e49e99c252c13762a1dcd73ff9942536fb50da
SHA-256,Hash,310,0.009500,233605a5457630db99016b1ccc46ec9075bca373dfa2145eaf3ad9ff74684530
SHA-256,Hash,311,0.009400,9412d9bf679cc7d6aa9fb0bc2d131c8737294f1073d4ce4dfd4fdf1cdd2531e0
SHA-256,Hash,312,0.009800,00243e10ee9a042b8212a4986ed065a4f30d3e7bf641531f786b3123419be906
SHA-256,Hash,313,0.009500,7a97ca402f9f1a2f683d56bc5ae0e8507b91377555ab8f1b26886ae38c4bbb11
SHA-256,Hash,314,0.009401,01277bb46e37d4f49a916cffec1cc72efc1c762c2e385368fc1e56ac0b731992
SHA-256,Hash,315,0.009399,6f799be6604b6109b8419d01cbaedbd6f2b19505c037ef70bb4213b0ec2d0c2a
SHA-256,Hash,316,0.009500,b197d8d1c3dc47df9e8259f43243ea3cf4a304370115aa9a4b792d0f3866be36
SHA-256,Hash,317,0.009400,09c08334b0ec6f6f69857be5bf71c9a54237373cb762b6bdf29924affc8727ca
SHA-256,Hash,318,0.010100,f344370397fd9667a427f538cc272b0daed7a2cda2fe741591fe26b93f59f4f7
SHA-256,Hash,319,0.009600,1fff24cee94447091058df4c5138065ec93f2fcd86ffba8dd4445a6f167520a4
SHA-256,Hash,320,0.009400,5aa11d219fbdffbe96fe8235394c962a0661c441a75a1c852619e4ecc2f7288c
SHA-256,Hash,321,0.009900,1d1cd0553b46483bb05b97fe00b9c41bb3df2194f773d5c3786ece1568bab762
SHA-256,Hash,322,0.009500,509dc834bce7e8c4e3a920c6628eb0a7403eaff5131b80dbe127bdbd5d53a1c8
SHA-256,Hash,323,0.009400,8edd1a98e9b392fa8a15ee1ec0d2278f1557b59820b9ec07d4762b6c4d7b5c46
SHA-256,Hash,324,0.009500,12ec191d31acb550c13153c26678201c134622291a8311afe35d2b77f288399f
SHA-256,Hash,325,0.009400,8c4e503e1b6c076d5e451156d1c75601f4bf4e183d28a9a55c25cb8501b3dceb
SHA-256,Hash,326,0.009400,eba06ac8ae7c85b0e4591aa17a0f3cea7aba6885c836e45222f83dde2ec34b2f
SHA-256,Hash,327,0.009500,a145d2f15a18ff9487263387d923b120aeaafa6a5998d442d150779257f3df32
SHA-256,Hash,328,0.009400,a33d427d7a8c576e3e00e63961c8ab0f732f943bdda35c39d7bcf14be030dc35
SHA-256,Hash,329,0.009600,33ca95b3c64a25aa3bfc198a1a449deaecec6a9956cf05318d2b521d76e7c44c
SHA-256,Hash,330,0.009300,5b7b3aa12b029bdc87380819de53eabc129ab4ae17702c055165f79c3c02905b
SHA-256,Hash,331,0.009400,bbf5b5bd4d5975be245b37b174c425e5530094e675015d42d438f3f171926d07
SHA-256,Hash,332,0.009499,4977f7826f7ebbf015a010366104dd4f9f6be693021d98de986fa8669871ddf3
SHA-256,Hash,333,0.009401,bb5246c1a7feb8bcd9144631e9c0e9e6b1c16935dc14e91e778ce4fe9d030900
SHA-256,Hash,334,0.009300,a200481850ebec18f729128fb63049c81505eface2458a0adfb205872b61eff0
SHA-256,Hash,335,2.136801,e6ebac1030fc3e3edd3b12d79d92c8d722ef33420c821066c8ae272e2f522109
SHA-256,Hash,336,0.014301,8629ee724008279323e63fff54a135efb72cc37ed16c9307c0a52d6b54d4e94a
SHA-256,Hash,337,0.011300,c00274b597acc330e0280e5d870ffa7f0235c3bcf2b9be51f992410638ff3a77
SHA-256,Hash,338,0.011900,ef48bcaa25c1152b82edfeb6f728c5dc396fc7c7cfa88317527cd1aa699dcf34
SHA-256,Hash,339,0.011299,9b4473a00d0f198ec8c7fd6546cd8dc99170b3d8540d7940f0e45a009e243693
SHA-256,Hash,340,0.010600,bc59272e1e568699fadcd0c3aef98b024e645677aaeffeda5c9e1e569362d591
SHA-256,Hash,341,0.009700,d599b087da77f0497b967b8bdc771d5305eefdb1647e0bb4039e957495f90ae6
SHA-256,Hash,342,0.009500,a9606792e5a32e56ba6f7bfa007247a8acaf178f986f943f827cf06fee3f471d
SHA-256,Hash,343,0.010300,78ecbc3a9264e156394493e581912f150a71c5c4f2b73e9b6fd43cd9ec7bd1cd
SHA-256,Hash,344,0.009600,8c496ba457de7e2697f3b8ec68cb9230c6c60495d1c97f46feed6ad44c9b3de9
SHA-256,Hash,345,0.009400,4dd77b5d52456b78ace5ccaddbf091ac090ad8592a037169c3d6f0b3207064c4
SHA-256,Hash,346,0.010000,7d4f313260e3f24b230a03cf11ff5ce96f4c0f1bec39c79fafe3665d9c68de5d
SHA-256,Hash,347,0.009500,0637c2d0cefbe76c4c26c5acc9c8619d7838b98c131bc891e16899eb56aff398
SHA-256,Hash,348,0.009401,46500ea5f8b0e1c4943d93a49c5b1f46179c8c53de8a2a8fe0ac68d6784f7df7
SHA-256,Hash,349,0.009500,2b68a3568d1ba3d0c324df956874decceb548b32b2aedd97071e6ad0c75a1dcd
SHA-256,Hash,350,0.009500,1ff59038066712135e3cbd5954318fa8f157bf729c76735b3f4c7186fb749348
SHA-256,Hash,351,0.009500,9c94dc9dfe6bb872a9cf5b94118b6197c8bdd557b8146241636b1d3f2bbcd3e2
SHA-256,Hash,352,0.010100,2b0e963684d614c3b34a2cf85ca3dc13261cd1ec7104edc5913a3b6bfdf3924c
SHA-256,Hash,353,0.009800,2f465fed35f6775544c7d73eba890b6fb22a9057a99d7a6adf1a010a86877a29
SHA-256,Hash,354,0.009500,53292e126ab939d0dcc925ceba9d6bb5f8a22ccf072314ba3b0b1022837d8c05
SHA-256,Hash,355,0.009300,ce9968afe0b47dfffbdf4a89b56dd62ab25e6569c0bfd171bbbeb5c2dfdc35f3
SHA-256,Hash,356,0.009500,3ef68cc1f30fbff4a20e9f448ffc2235d1abd20af4b5a9b5462e963b78a2f3b1
SHA-256,Hash,357,0.009500,6ab3d95f2d7814a5baecf3104e776d3a262c9c3fdc9d3ed13c5ec06efce63dfe
SHA-256,Hash,358,0.009500,a17470f5fe3946d9dc3d7a25fa6ceaaac7789e03062cd259f0711f47a3ef05b1
SHA-256,Hash,359,0.009500,a00ef642b5d8a596833d55d4d620b1dc692a3422cc7cdc945f8c71843030e1e2
SHA-256,Hash,360,2.560202,932c33dd3facb2f1189b099e1e40b7ba35f998be963598e3c429c8ea955868a9
SHA-256,Hash,361,0.013600,dc6e0b2e7f2bb76d9e69e0cd3409b59e3a27912743b0828a5cd3d78f6638c865
SHA-256,Hash,362,0.009900,46f20bf8e3d1be80694322d43e4577af5b3d084a3644eb4d0dc1362a23aea24f
SHA-256,Hash,363,0.009600,8154be51c71e224d4b148667a909fd7bf80efbe6fc6b65f9790dc109b9c39e6b
SHA-256,Hash,364,0.010100,f31f00cd1d5e45f555fab573b02f132ef0c609c63112416dbd727c77ea1cf997
SHA-256,Hash,365,0.009700,66ab00bed766272cf7412b7917f358b66df0943b2eeb9c898b60bf18c0312957
SHA-256,Hash,366,0.009500,72c36872c2562daa9ff0acc731e326b431306aae6a96be2d9602f98d255f0b41
SHA-256,Hash,367,0.009900,68ac7000d63ce280183a3a0f08f1f3b1d1eb8edeb099358db037fdc43af851b7
SHA-256,Hash,368,0.009601,929a3191f837687964df97162a7420d5b5acd3b8c0a171e5f9cce591a163f1e8
SHA-256,Hash,369,0.009300,6a73ceeb585c4308ef201d0d4521c65995c5834b380e7294f808a215cce8f4d4
SHA-256,Hash,370,1.563301,302c596928bdbf4050e8bc18a080dac108dc8e307657d166fe9bee129990c49a
SHA-256,Hash,371,0.011400,c605b28705dc701b93272085dfd712d69f5d0a715e7cb560f51fd4ebc41aa2a6
SHA-256,Hash,372,0.009700,ff367b707a983bb1462e8f5e894546b13d96910232671c50eaeda0564b4dd892
SHA-256,Hash,373,0.010000,263b06310a12a1d783f2bfb282bd75a59f8829be0c1d82276bca374f409db102
SHA-256,Hash,374,0.009500,25d3910b1ff3eed7c99a4cdd8bc54090912fb38e718036ff65a93b6c83c20778
SHA-256,Hash,375,0.009400,eb8211d82447afb80c15c83c89f9aa65c73c2d0b6fd061a7be48c4e9a3356d3c
SHA-256,Hash,376,0.009400,7d2d3380fabc9befa98f1070820c15776b4efa6e36778098467b571352a99ddc
SHA-256,Hash,377,0.009400,970df61c18aa929bf6bc4e5892a981c0816835b8af0e4b9ab30ccc0df022ed2a
SHA-256,Hash,378,0.009300,8317211af1b886efeeea94b94471f67c15e8395701e99d33965c10862476fd0f
SHA-256,Hash,379,0.010400,00bdecf3303150724c8496c7cd452d3d988608b5f4add3357e7c7d1f95da119b
SHA-256,Hash,380,0.009900,2fcf3792664c0f3541abf0171555482555348facdf0e657205a23c80c9df4502
SHA-256,Hash,381,0.009400,bd06bc5d1ef87091c3f9295a3243b68dcaab9ca869f494f71e54cfe770131ba6
SHA-256,Hash,382,0.009400,0c190c6bbaf4e3fb78fb8d8ee3d2419cda25f05471780d80461c7e46b6cba3c0
SHA-256,Hash,383,0.009500,2b40958d08e8355ac7a1c574d3a264140feb03808a8d66f3d48cbca6f893df57
SHA-256,Hash,384,0.009300,2ce56634e30d3aebe687fdade0a0d117d06c3466cadcd32443a01885a94d74de
SHA-256,Hash,385,0.009400,459451c6147728671ce72a2b04fa82ffed529a9fc9472ad230533b893766adbf
SHA-256,Hash,386,0.009700,5a605cc125ce8f782e6bcb093e58b06db4c93e7eb2c1ed88442bdf273977b85b
SHA-256,Hash,387,0.009600,5c9e949a4617ea5f8bf1df90534d89fdb69faf85bcf88a648c7f83e84fb02aa0
SHA-256,Hash,388,0.009500,a8a30fd612fbb0ed9712e06f30a641ccc2c2746afda5988a1c02f69a62c6040a
SHA-256,Hash,389,0.009400,d96312b54712218347ea1a66de0b2c4f1b7e8bd485ed6da5793a8db1f07efbf5
SHA-256,Hash,390,0.009400,74819b7c06190196b9c104c4972069abdb1d19833dc6d3cf2cef4c178b6a52a4
SHA-256,Hash,391,0.009400,b3c4ddb3de7af8d160154648716ac1c91d7b77aa7e3d8c6340ed3e3aa0147e7e
SHA-256,Hash,392,0.009400,717dc8d1dcd4124db25213e5c2af8962598470b891ed578042fe9733e15cc83c
SHA-256,Hash,393,0.009201,29d03fa16380ec5a89a9518554059af365f2980ab35a296d92334d699c5a93c8
SHA-256,Hash,394,0.009299,c834b032bee3f25d39e478e67ee6b1751e287226e9f1695ba6c731c7d02d8104
SHA-256,Hash,395,0.009400,da99637b83349375646ff478bf99bb9a6713cf6e0ad5ba8ac78c4c0fc2e3346d
SHA-256,Hash,396,0.009401,efa779ab7738123bbfe4180ff4484612fb2c479ac0f9428c4bf34edab5ee71dc
SHA-256,Hash,397,0.009400,4ad4922e117251ae930c6102ebba2fe2ac66dfae1135fdad38abaa8eaa4ad0a8
SHA-256,Hash,398,0.009500,eff8e6c5a6166fefafab7e00c0c35707cfbab56750c9a9fd51acbb19653d1280
SHA-256,Hash,399,0.009600,79aed80c7315a74dd3a5b36017007dbfd4c4a6ca9eb7133c452665385ad22208
SHA-256,Hash,400,0.009900,78759e9a1c60211ebe0e96f6f9798e147ab08df42c5f7131798c2f97ef102455
SHA-256,Hash,401,0.012700,6bc62ab53594aa1adef8cbbb0224b5caa7823399d7e4df3287cf7d9a32564925
SHA-256,Hash,402,0.010000,2d4d7ff9ee47e52e613fe2482812f551a2e8642e320059465d3851a3d421b942
SHA-256,Hash,403,0.010000,9c58ec0758885b5608fbf323257694fd68c028190dfaa269b7bb3214f1e574c8
SHA-256,Hash,404,0.009600,e4db4aa30bb562e3ba01eaace183bb72b134c77fe6379735243e65de151bb52b
SHA-256,Hash,405,0.009700,b27f1534dfc65b9cb0f837071bd553fa51bf1c01471c203dbe9f162668cd7d4e
SHA-256,Hash,406,0.009600,9c425a5c502e5c811e4c96d03318805a0be53aa0d6c9cefaa15ac1810ee5f999
SHA-256,Hash,407,0.009500,e86977e85324ed39c614134e12e36cde721c95d7177c79e747984d5fe2325b54
SHA-256,Hash,408,0.009500,4ed8ba41f24c204fc79483791cb21281046d48076ecfe8b2461e04c4ca03a849
SHA-256,Hash,409,0.009700,5974d692699ed94d6e67489a201e5fa340612ec46173069c7420774d35afee4d
SHA-256,Hash,410,0.009600,77433f3f3c08892e3b453152a69635f31098873962819952d7262a9aff9cc79d
SHA-256,Hash,411,0.009700,66a95cefd5c941be749cffdb701f54e65ae7687db8f63a699a66b1acd6cbe714
SHA-256,Hash,412,0.009700,4cb0338795d24e136b5cd455f82cbdfede61c91509faa0e0bc71a3ff01e64fd5
SHA-256,Hash,413,0.009800,df3ef3a939d9370218018edb1cc375101446f711f159c2ff51845fd6b60db8a5
SHA-256,Hash,414,0.009700,bc1a96854af7173f86bf598616c1de61e2988b6e4d2859db4026eebe5d3a03a4
SHA-256,Hash,415,0.009700,beb047fcb59453edabcc172e03ad2ebd08608411293808f5fd8bcc0ddee9ed34
SHA-256,Hash,416,0.009800,6a4ee74e4a98895448c331827b14711593563d9ca8c7c4e15e131966fb8b28f5
SHA-256,Hash,417,0.010000,57364ef78018d63c48071636436f40a909dba9d1196659abfecf87ce024d0f74
SHA-256,Hash,418,0.010000,31aa8a4ce4c7774ec37cc43b67a31895c7cb48a66b362942314cf15e26e7abca
SHA-256,Hash,419,0.009700,96aa73d57e7716f87d89db2039c9eb00997db73fa5df8960607e660b1875bddd
SHA-256,Hash,420,0.009600,1e1e82da33b22e0ce3b4ab7be13ffd4163c2014b82f1948ed0afa4fcb28c3ca9
SHA-256,Hash,421,0.010100,6c9371f046b7c2bed143c249bcfc00e931613f156e1de3c633bec9ba5addc8a0
SHA-256,Hash,422,0.009601,009cda434fa4bfd36cee357ec917a5e6d227f5428f28a3492628fab903b3948b
SHA-256,Hash,423,0.009700,bd827191bd50e061bf0f460bf24505f01a039239314178c215fceb2abfdecd79
SHA-256,Hash,424,0.009500,5dd3a2ad7913ac5ec0da325d3a2423082cf662d5f555e8fec00007ada8e4ad8d
SHA-256,Hash,425,0.009600,770b8f7196726cd36adcf08e717c3e21e3e88cbf21d96303d4c1a833b28eece0
SHA-256,Hash,426,0.009800,9d174e55cc754353311edda73ce8ff46b11c1ad7dcd3d2619d451924b821c18e
SHA-256,Hash,427,0.009600,0b86fdf626543743e35edc978dc57d30742c752700f97efb6c87c9fec86e1425
SHA-256,Hash,428,0.009600,0c24bd2be35f8b59cbf73430f204695ff9d3f27f36006884de2ae82785ade0e8
SHA-256,Hash,429,0.009600,846a94070d47e11179811182f6b82cb8309b0e241683e34571d8ef08b54d4022
SHA-256,Hash,430,0.009600,7b6439c217d6b372a8c567fe370bb46d7dee4792081d41d1d9c5364c7f12f8f2
SHA-256,Hash,431,0.010001,4e5fcd675e5a05cf33be9f2390a957ecaa37148a93119552bce3bd0fe42d51ae
SHA-256,Hash,432,0.009699,4d45249807f6f572d16d3b9ddb298e6080e1f949bf0ab97a9399ff3b626949a6
SHA-256,Hash,433,0.009700,6f294055881916437cd2b7319799310957add04cd9b9d88a5c49b527215b627d
SHA-256,Hash,434,0.009700,13bd8d755b607b089bda4d02632768d4d728ac5b8489699ec3b0abec3d18364c
SHA-256,Hash,435,0.010601,6c430981cf62412dd47dc1558697306e1b7512b3524d003a56586c0c5965543a
SHA-256,Hash,436,0.009599,b4a385093f6164f70ce4759c1e58de37d386f6a7180f8de0664b7e8f74e6da6f
SHA-256,Hash,437,0.009700,f90b0f8aeb360c19e67cfbf962f6a6f8ca3951d922d3370eda66d71d072039c0
SHA-256,Hash,438,0.009600,ed91d7ac9b8aef5d8e7ffc478334fff81b7d155dd8ae96de7efff3cd55fa3ed0
SHA-256,Hash,439,0.009600,b529b184a2a47bedd5f3f8a858c00e20d206d50c67a703e4f438110346dc1301
SHA-256,Hash,440,0.009600,c8ca080271c6ce6f8f03b5e737bbedf3ff0ee1186442bb4f2a60c497d3c0842c
SHA-256,Hash,441,0.009600,7d579d71740e8027be2306af2b2f129e7e79603ca2797c1a2412f6e9546a553f
SHA-256,Hash,442,0.012800,cfed7f0d9cf7362d93848a049e5f6d2a66515d746470fe0d30944b6f5564ab0c
SHA-256,Hash,443,0.010399,187b4451eefb8b999730f5616de00580fe19e131aa45c676f1118f31e538a5c7
SHA-256,Hash,444,0.009801,5280fb0185b30f89401d64431caa1fe8e86cf3a63089636491b3ab915ef3a5f1
SHA-256,Hash,445,0.009599,73ad4fa6b9d0b0b50c610effdd380a678f81652077feb9ed6b4a4f6b30b3cac1
SHA-256,Hash,446,0.009500,79b6a9c7fb347372cb653eb182853760c1fb39967690274f2f4fbfd1ce71fc6a
SHA-256,Hash,447,0.009500,71ae419a284ba0bd87af4e0977e5d9cecbacc4b6af800fd48c1ab14f1e2e9f6f
SHA-256,Hash,448,0.009500,5a7ed3360889dd4c7dbc1fa9305165bd0abad73bae3ba922ec5a6f8a5210839b
SHA-256,Hash,449,0.009400,8a9b27436cfaf36c836fd821e5203edf235fa41de5d6c368a2ba0ad608b02f38
SHA-256,Hash,450,0.009400,db6619a3d2a3d430b2bae10d1fc6c6579049cc86d9646dfb1f7fdeadfba3ca08
SHA-256,Hash,451,0.010100,630b5bac15f343a2603f7f9cac6e7082c05ad4a055ff8309c4dd39f139e0cd5b
SHA-256,Hash,452,0.009800,c2721c5b062b33254f0df56ebedb961c98244df56d809ac4a61b9648a55c76c5
SHA-256,Hash,453,0.009600,cba7761bae964602472b59fd7deda415700b9935d614793bada6e6b7bf8d8ecd
SHA-256,Hash,454,0.009500,80b8f05d2a6feecbc0c4c7c7b586ad6b7e4a66f63e8a37c9bf182f6ef2ca51e6
SHA-256,Hash,455,0.009600,b2512f6ba4111200cc3da04422bd135c4cded12848bbd2d1c89e480872554f25
SHA-256,Hash,456,0.012200,cd477be481de653c04827caf6520c8d91cd1c9a6b489f567a8f9164e33b71925
SHA-256,Hash,457,0.009899,f9658a9222d1f6a658ee9126b69c802143c0541107c5983f31231c6b4406ec90
SHA-256,Hash,458,0.009500,b06b32d2b047041066a48e719d7ed14db25dc493cb81f8b26baa846741424520
SHA-256,Hash,459,0.009500,52d429c1644c8acf580710ced75ffdd70bd7d5e882cfbfd3850ebbcb9b9316f2
SHA-256,Hash,460,0.009500,b0f3dc2e0b34ff8bf08badb05bc70c67c5185128505f4975b5dbd76b5b94abf4
SHA-256,Hash,461,0.062000,88b125db5130eed8d653481fc7a72710da9653726ac402d66d81d8ba2214677e
SHA-256,Hash,462,0.010200,22d8e33f3f4357d2346dcd456302e62914c57bc808dafe9d198094b195620e92
SHA-256,Hash,463,0.009500,6695718d46aa0ec21f0216c46e0c1a2352e66a9f67ba5a69d64be983c22d808f
SHA-256,Hash,464,0.009500,a6026c35bfa2916030639609933ff15045d5fe497eac4473ccdaf25f4fbf3927
SHA-256,Hash,465,0.009500,98c3cba2635bbddba67e8398ea139e962fd580992d46a77ce359214ac718364e
SHA-256,Hash,466,0.010000,24730ed644c7360b276eb037cadf088d0fa22547077458a4a976ee36cd2af88f
SHA-256,Hash,467,0.009600,32c7f1c4eb7e077b80a24d03c4406598f56dd5182c78b988a9d3da0a5103b1d2
SHA-256,Hash,468,0.009500,b7ca3d2e60fd2da500cca18a57acba30c9c4095b5f16314d54fcbf8cc3155d54
SHA-256,Hash,469,0.009600,2bf5e54b16e13784aeeab1b86fe9b42a15dfbcd82b4ca79c274e30208c0efadf
SHA-256,Hash,470,0.010900,2f00079042bc8b3376b8d344ebd2e3ad356ce5d7bf8e30f733f57d74aadf2f99
SHA-256,Hash,471,0.009600,0548e4e7483aeec26f03f14ac02c5cf4baab327675e29c0ab184a182768390e6
SHA-256,Hash,472,0.009500,a47ed85a18c48d8bf8b75e7e1a0af30bd584f7a01fbfd1b0133cba8bb067d691
SHA-256,Hash,473,0.009500,19a60f582596d7e175300010eb3aa5b0b17d1f333574c691b179241be9990acf
SHA-256,Hash,474,0.009601,99f88413cf9022d7136efaa2df0dc6a6e7bb17e01967d1f53665186ae3f64fa5
SHA-256,Hash,475,0.009699,58dc4ee9417c7c329041f2c9f7faae37e84591833f40f03b4543751a2d19b8b0
SHA-256,Hash,476,0.010200,00a8870f0dd5d9f822a86f790e591d6f6125155ca03555513e3840a75751a330
SHA-256,Hash,477,0.009800,30fe35b7083f9706bd7b10bf3cac3f3c402573433f2628735ec91d9d70ea4222
SHA-256,Hash,478,0.011900,204dcfe477452a9fbbc3fb7df1d07ac3a6402e1fc506d09eaae15e3ea5256047
SHA-256,Hash,479,0.010200,519814d4e869a08cb8a0cd888c3b59bd3c2e9c3acc1896469f3af5e110bef35a
SHA-256,Hash,480,0.009500,d7190fb2540fbe52a05b2122cafdb8a9dfd9054068f97f28d7ab31581e37a4a0
SHA-256,Hash,481,0.011600,dbac4cac2e952f958e77f3afe5d02725580de09b9b56f7eee7fe9c2d12b2aede
SHA-256,Hash,482,0.009700,cf2b777b6725cd2754950485b705fbc69a8c7d861bd5b1b7da1ae84f9f3134bf
SHA-256,Hash,483,0.009500,3c7755afc0baf0e5c5953203f4c61d712edff836280aeba79c13ba7cc46af8bc
SHA-256,Hash,484,0.061400,ce87a9fe4028ae81b9a6c0dcb5c053920366c1486cf795ceac2cfaed2e527c6f
SHA-256,Hash,485,0.009900,dfa555cbbf161d85207e374e6c4ea6a2b9b45bcc7547e4282bfe3c00cdd57c99
SHA-256,Hash,486,0.009500,c31d104f43240864356fb487534cefec3aa6a44d45ec57d5232e68b9d106985f
SHA-256,Hash,487,0.009500,2b01a731eb641d5c847e99860c7582b49f182a523a5bf178366aa1ff6dcfc38b
SHA-256,Hash,488,0.009500,48213c097178429d6ffbe396b6c63a7d28ec6fbc7bb124daaf890107c0e9f8f5
SHA-256,Hash,489,0.009500,bb4b168fff6482f1979d9aa62d82b7f85de2484cbce73530c7960e8536b0f206
SHA-256,Hash,490,0.009200,aed0182bb459fd50595907cc37a9f67048e6750570b38d13d0acb104b6d6fdfe
SHA-256,Hash,491,0.009300,9702005afca805f744428dddced4b48bfb8d13eb6be9409c15bfc920bcfa8403
SHA-256,Hash,492,0.009400,db9be3a2e2d5b9366b9c99da37a6fccd7d80f54301adf661531edfc2901dfc38
SHA-256,Hash,493,0.009400,1347efe756b1fcbaa69d57b623cf493583128c722d67f47af1bb897bf08c0150
SHA-256,Hash,494,0.009400,a59da9614d101aeb4530b11f0cf2304dbe09fb5821768633ea78add18f36ab14
SHA-256,Hash,495,0.011400,b4d237d0e597851b853d743437703e72893a426038cb671079d695e93f8b2d77
SHA-256,Hash,496,0.009800,cfab1ff7448b58fef69e13febd9e80000a91045b67e6fb9457703398fff8dcc7
SHA-256,Hash,497,0.009600,9dafdc8fde69ab29d2d5b4fe95a312437651390937acfb2572f6dc29542240b4
SHA-256,Hash,498,0.010500,62468e52321dbbe18027834e1518809cb9f606b8bf8fdfc37bea4e6edec759fd
SHA-256,Hash,499,0.009500,b8d8f3f1acfa3bb80e17f4cbf5013796919b369c73b35ceeea242fb9e7cc267a
SHA-256,Hash,500,0.009500,39cabfd5607f48f3a57ee18cf0473e307b0dd69fbb148ecc35c1fdec419e725a
SHA-256,Hash,501,0.009600,c1c0795cad983079f0dfb9d33c4b3fee1fa3007d43658609331c48bb96cbf703
SHA-256,Hash,502,0.009399,d1d0ade8eee27417896f53cc339402dfb86fc418b9ae55426f3d1514e51c2517
SHA-256,Hash,503,0.009400,ea78a406cddb085aaf4b747646ba04c6b3ea9a3236200640c9db3a625a47e3cb
SHA-256,Hash,504,0.009400,11aaed10b65c11d9dfc65e444d1f7f214c3e5ec9cb23f8a501b3bf2c343f8f77
SHA-256,Hash,505,0.009400,682ccc8e96938f83fea08095ae7a6e67d9d8e39c17c8ea41f1c287b0bf718545
SHA-256,Hash,506,0.009299,8ea036cfe4323b34e8cce188f4600447604876523c1830d1b81efd138ea74f43
SHA-256,Hash,507,0.009401,35f5abe0947552a2b43a7b63fd3b0e1e41329c8bd9b816ee67dc02d5af3f6827
SHA-256,Hash,508,0.009800,674aa5da058cbe5b4d924058e065825ab0e0f456efe86185c798c81805230571
SHA-256,Hash,509,0.009500,fd9b1b65ad125334a46f3b83175cf91a0f37b77952e7eba7b0cf2c33380927f4
SHA-256,Hash,510,0.009400,fe09db24e05242fc48167c6614487ebddcc2d3d708cb29a2a059d972abea0d41
SHA-256,Hash,511,0.009600,a45f78b657a64538198d1f9ecb6703295b92319d664567464000318f301cfbb9
SHA-256,Hash,512,0.009300,2f82b387a9838805ef79fee2937a651fb455a72772bf04ac05fd11d461e4cfbe
SHA-256,Hash,513,0.009500,b8a8f85b189d549bb62853be87b00973b47bc34329ceffcd5ab4460e584912f9
SHA-256,Hash,514,0.010301,cc0b9486bd0b913a2a4abaa7d8ecc2fd276c09b56977bdc8bb7ab84a2717c368
SHA-256,Hash,515,0.009699,bbe795235f14e6abef0cd29a422162a9fcce5996a5477eadcb5d223bc63414ad
SHA-256,Hash,516,0.009500,a69b551ca6ec1e5145c49a604cff41f16a058eb7fd33838699ee2cf4fa079de5
SHA-256,Hash,517,0.009500,437917d5177d0c12d0adc9cd83f97704d7598868ec7030b214eb7e25490e3f93
SHA-256,Hash,518,0.009599,e20d0a8d434dab806144188622a8918a86413fc2955a419a6cfc22ba4a84cc25
SHA-256,Hash,519,0.009600,7a03b2bac95c45fb652216ffb1d05f90012a2708fca8aa96296c13919015ce4e
SHA-256,Hash,520,0.009900,e1b14f0285fbbf3f9ad5884a3fd7028b086665d7d44d5b419fba27c8e54cf54b
SHA-256,Hash,521,0.009500,777fe45e799467e0075f998cd150f29002f415c6785f10d8acbbec2d2dd41431
SHA-256,Hash,522,0.009500,19c616f86a5b37896fcd22803933652f6d5de310f96ff7f720e0e62085695bba
SHA-256,Hash,523,0.010000,6c0b53d4ee8c0aa545589dd8324307e2dff2e00a3ed52f3eee0c041418563a8c
SHA-256,Hash,524,0.009600,09c624f0f75fef8bf102bdcdba79eeb4b77fadded60f688d9ecae97c7a6ee3d0
SHA-256,Hash,525,0.023000,57e9c364207becb5d799a3e1a5b64ace34a4c20612b4d8ef5a413b8fad94f1fd
SHA-256,Hash,526,0.009800,27b2418a3775df80490e548ba0252d5b86c88979ed6df99083de098ae9a73449
SHA-256,Hash,527,0.009600,237e831f1d402dada1f28366457429781f8f9c5a6107d66a1f8853ef8c202b74
SHA-256,Hash,528,0.009400,48d09b44185e8d07017d3c4cc9092fe8545ee106ad92b8f75a5057778375e7f6
SHA-256,Hash,529,0.009500,e3211066a75c543b94c7cff6d69af7b41282b37c4bb74ab732c61ec58064ed16
SHA-256,Hash,530,0.009401,c0f98cc0ab89a335e94bf4a4f5809da132ce3a0c557edd58b1c0dea584a14e1f
SHA-256,Hash,531,0.012100,1ed412d16cff197fe0ef6d54567627ce52c89655b7d75e9bcb787adef8a3eda6
SHA-256,Hash,532,0.009700,fa388a6f2864c04c56416aa9265edd75423c460b69cc424eb664f4ab68d3dcf2
SHA-256,Hash,533,0.009500,4f5b1c1c4a40e557e5397cbeaf0dd907342886f17ab713507e6c04af0d923511
SHA-256,Hash,534,0.009200,c00e15cf1c75eac1a17e82e6f0b52acf1a7705ebf8e9bc94954aaeb83020ff15
SHA-256,Hash,535,0.009500,a8591f8fa13bebe2ae0fd6739156642ccb43a835b0d875849cf6d521d95d059f
SHA-256,Hash,536,0.009500,c8398fbb6b599e65d04bc5a0a7ee0f558b05267c81ebf4b30fbdfb40d7e32617
SHA-256,Hash,537,0.009400,8a1505bd71135dc06b4127d4c6ad30e30dbf512e537463b35aae917b4742d198
SHA-256,Hash,538,0.009500,63778b5ae12ed3520eb94f1f0dfe9b826cd743b88038e092f65f84e9abd95db7
SHA-256,Hash,539,0.009500,63c1414cba35e28c1833608a3ad1a891abebfe37a2366d200c729f7152ed4207
SHA-256,Hash,540,0.009500,a6b669a39e02327aac8e23d126d8474b7613e89616832d48511cc723e3af94a7
SHA-256,Hash,541,0.009400,40022aa8c46619e18fba8cb55126478f48fdcb958e6d5cbccd53c76db20e4949
SHA-256,Hash,542,0.009400,ef9a40a32b2d16726e27e686a821db1630542f3455c0af323841c296364df02b
SHA-256,Hash,543,0.009799,52fe20b8b03c7468a5ac84adee47718cbdd863388425c18e207ca42a9276eaad
SHA-256,Hash,544,0.009600,e4c9a23d2bb2b7b1784604edbfba0b65bc551d6e806253e57c285338c3e3c860
SHA-256,Hash,545,0.009301,41b518844d93d5e098312d87cfd80b9e3cb3aaa40673a7b7e14af61fc94491ff
SHA-256,Hash,546,0.009500,219090e601a792673e1546f5d901a9ddca3c1f9b5ac7ef6ffdfaa3e5abb321c2
SHA-256,Hash,547,0.010101,4ab67ef5d96b731b78c2f5546c3f82207e0680c7f608dde4ec871115dadf447d
SHA-256,Hash,548,0.009599,64f1abd58e29d5ec7d098f77df47df48cd9b37a102e1bc98fb55e6f449dd4e6c
SHA-256,Hash,549,0.009500,f0f425243d8b30e4fccb4baaa19296a6388a95f3f9d23390375243104d4ae91a
SHA-256,Hash,550,0.009500,c6aa544d6b4fb988f189619d12ceaf2dbb8177165714550443c96e849980cdd1
SHA-256,Hash,551,0.009500,85b4e2cc2e84c66f9b97a6809c5b08e081b87dfb50ac8b1e2f57f41d95a822dc
SHA-256,Hash,552,0.009400,f766ff6390f88c04bfa70c3cde08674bda6134ba03626b0e1035718d52ff6493
SHA-256,Hash,553,0.064900,7f29b2e55b80c77b92703e386083d5582304a84a30c3cd3a3baf550b8f6ae3fb
SHA-256,Hash,554,0.009600,802bc4aba1a0db015306ff7ad95bfa3c6019b2e77b0d22765c74d20567d3171e
SHA-256,Hash,555,0.009500,5c0163fc40441930cf110d3c6c65a62605cbeb8db77c0189c302a2e26de29f72
SHA-256,Hash,556,0.009900,7f9bed9ec764278d4f1761800a76ca356d4ac4c7ef7f10f8fe98c36d0ba4a663
SHA-256,Hash,557,0.012100,0ea579356767151d70d0e6eaf348abd24cb074120c28f01e1ca9f71de64a4b4f
SHA-256,Hash,558,0.010100,33a919de05552c037638c03545739cea1c18a689831aea61c864dbaeda42ed8d
SHA-256,Hash,559,0.009600,2c19fae9f2a2528703f41f5be3bd2b6a96dce5c9aff7eb796e538c66cff62388
SHA-256,Hash,560,0.009500,5dc39c5616226aa3b6ae96f7128c7ea431df6d8473fb8d13c43f8828b75b7eaa
SHA-256,Hash,561,0.020400,9ffac4f6fa3cc30364c9457cd205c36acc31fbb408e2334cf2f0383708268d79
SHA-256,Hash,562,0.010000,ec9f132775d9f7f107197e3fc8a63929d668fb375261f56c71d6d04967f16efb
SHA-256,Hash,563,0.009500,2eacff8a5cc1942f704f0fdfe3e4b94861f22e10b3cbc5024cee8faee79f14d1
SHA-256,Hash,564,0.009400,500e57cec7effeacc4df5eb358687054afff8d33fe5ffaf94bfaf8840c7f15e7
SHA-256,Hash,565,0.009501,d519ef4475a0913e7d75db2c97e205634796e6f92e80f0d4c5888cc6fbfe17ad
SHA-256,Hash,566,0.009300,4cc568407defa3da41ff2f8c69814cc54bf4fceb7132c0e1c36a765104984844
SHA-256,Hash,567,0.009401,af35e36dbbf99db1cc0b5a9286c067cbdaf0e006ea3ebd226979cf2d86e85555
SHA-256,Hash,568,0.009401,e3178a37a219f679d76bd6987c93ccb63fc53b73e4dea38221843058a41e9dd4
SHA-256,Hash,569,0.009500,5808a5f9e4b2624a38433a31f39a4905bed52feda75c449e0eb31a4d422e84e8
SHA-256,Hash,570,0.009400,5f54b697fcaf266c783e0b808c1805c9acf3cf356e9414ef3fba8593a934f1cb
SHA-256,Hash,571,0.009600,607d49db89b2941eae6755147de60bd76336c3eb5b0cbf2bbe94a8b69d2486a3
SHA-256,Hash,572,0.010000,7173d34a3a7005a3f4db28a88d6976388cc5b4410f48c48f9b942154ed4517e5
SHA-256,Hash,573,0.009500,8d55cbffad1ccc01789780deef7de2c32366fa6a9aff756ccaa99084e3b52777
SHA-256,Hash,574,0.009400,f5064c8333de669f6db5680a0bc2bd1aa750de518d0ec283c2df1bd6d9f8f412
SHA-256,Hash,575,0.009400,6a2272c8f64219abc4addf142122a718129448dff079271d6ac018faf529d77a
SHA-256,Hash,576,0.009400,37ae6192a3ee4db6c3a76fda4ea5c10eed28b61aa089873dd170314b42e4f7de
SHA-256,Hash,577,0.009300,bdb389326178d40ac9cc779f0b0521cfb1a66161cc03ba7bd8b74676d5789fe1
SHA-256,Hash,578,0.009400,1400319d52f4e3793d3299247b7ba021c4579fedc1ad6ec1101c6b846dca599f
SHA-256,Hash,579,0.198700,b1168c9466f49b0efdbe998046f33bd75ceb3d8255f758b2f98efb97833b10f0
SHA-256,Hash,580,0.010000,f6e5ab7327c4416acdadb8b77e4683f7982a5a738ee03ebf56ad648ee9d884ff
SHA-256,Hash,581,0.009500,63d1f2edfc90c085d2609c1aa2e0030edbd7ba7f40602b2125bb11f2872cf5a8
SHA-256,Hash,582,0.009400,efcfb2bdd246ffbaba348ae2e951fea7aa3fc7192ad7a5c541e216f81995f10a
SHA-256,Hash,583,0.009800,e4ed393be24d0ba9ef2854bf1ff6477839d09a2bf2b06967e25705be36038e41
SHA-256,Hash,584,0.009700,b0bc2113723259b62d0e39ae99cc26952220c0aa9889b9c658951a2482f0aa21
SHA-256,Hash,585,0.009300,38a3fe08fe2983fc15aaaad2b90e9c406b30bceb4b399a6c6826de870f6a1a48
SHA-256,Hash,586,0.009500,03ca9cec7b229d14bbf045f40af85e82016bb18d37fed90787569eb1a18f8864
SHA-256,Hash,587,0.018800,ddec1b4b4b71dd1415657bd69576ebd4efccc8770847a94d440c4a9b21f3102f
SHA-256,Hash,588,0.009800,ae28e4686b003c317af7582c9bc50cc38d547328b9c57890f6c3bddf8a57cc23
SHA-256,Hash,589,0.009500,886a5f9092b34b6b8b79b36095a886fa339ddaa1ca166352238535d2350d0c1c
SHA-256,Hash,590,0.009400,6e2b1f0d69281ebca46bcb3c66c4e0b7fa0769ef862eba03a7f1e813495e6a73
SHA-256,Hash,591,0.009500,9146be1fca0d53beb8a6356519f7ba42d914b379db804033decaadea55fa2583
SHA-256,Hash,592,0.009800,5ec0625dbaef259e1b090c0e8ee176d1d25612afc465c1702e7c68941f5c4eb8
SHA-256,Hash,593,0.009500,0ffca23ac41f098518a91f77472c9989c6e3d0a52a31c557e342fcf566c35088
SHA-256,Hash,594,0.009400,ac574f82efbbd5ef255681d9ca47ea6265344aed87ed3c4cad6fe7c65dc48eac
SHA-256,Hash,595,0.009399,abfdc97b274b11615d26e0787199130e794c1aff679aacd91d07d6810fec1fa9
SHA-256,Hash,596,0.009500,dc06ad1a527dd2b8fb58521c3f7c4fa0fa2b786667163839028ed91c3c7b4e4d
SHA-256,Hash,597,0.021399,e0b8a8c7d2b4b2345376aa08f4b9d648b026f605cbce54e2f6a62078102d235c
SHA-256,Hash,598,0.009900,b94f4fe8d16746fc1f11321d6e93042b30c4be1aa1deb5f3ac62046a669b1998
SHA-256,Hash,599,0.009500,e60c7dbd8a2621de4105d62362e8aa35669b95bdca305d8090e2c47aa779e9a9
SHA-256,Hash,600,0.009300,3ec3c58dce0d6c9c6646a44306f7db423738ef88c311f6ac7815b63891068491
SHA-256,Hash,601,0.009400,5b13d806ccce318c6570ba4f70175289b6eac434ad76f1ef934b8c68f9af593a
SHA-256,Hash,602,0.009400,ca4d8d66336470cbeef483d4d6ba47449497d0abdc65954a0139df02bd8eb27c
SHA-256,Hash,603,0.009900,90041a89c2d0647768d528bd975eee7e74f88578496ed08720951c6876b61db4
SHA-256,Hash,604,0.009400,5af7bd830272bde7f31a43848741625156db671d071f26059734debf154044a1
SHA-256,Hash,605,0.009400,067ee6be38d36e8998e1816a84eb405009752bf451ce5d93cc117d9afb0a0e7b
SHA-256,Hash,606,0.009400,8c349d3bd4725c49544cf0176cbb7de62c6cf4e6b45461661576de76e299af15
SHA-256,Hash,607,0.009400,fa352cef28f2359414836160f01feb86933e03faafd0f3238bd88072fa4d9966
SHA-256,Hash,608,0.009300,1d832a5e30797d540fe4e846c34df59f7a9a1fc44423b7c67bd5d06e64c97744
SHA-256,Hash,609,0.009400,e400cb4069e8a72cea1d7dcd7acb8cd4f5cc1a556ce2069549949f872127a2fb
SHA-256,Hash,610,0.009600,4eec51c7e480b227c2d3c016d83bfd38d282132d4b6d415497cf7da45c30b8c0
SHA-256,Hash,611,0.009700,2bc79f362b52ea0476e1b4fa93812852f9ac3b4e23be7e7464e1ad52b09b1136
SHA-256,Hash,612,0.009299,6785874188003d84066b22612dd52db643bc5901426bdc0dd8fd561f9fcff025
SHA-256,Hash,613,0.009400,0c8839f13b1a0879f746196899bff64aa8533c64647d9842ab4c1971278d8474
SHA-256,Hash,614,0.009399,54d886d6900abf0de6de21bcda546c0bc65f146ed9db65229bcbe725a3cea063
SHA-256,Hash,615,0.010100,0c2c6dea7aae812dd6fc9a726ce135a36880b1718fc531a064ee04c0daa345ad
SHA-256,Hash,616,0.009500,ee7ead15bdf5ef54ea097aaf9f1af0b61ee6e619891a95b1a7f6a89ea43fa9b3
SHA-256,Hash,617,0.009500,07712d6cf3b0b21aa40e9ad3ff46b6725cfdd41e71683f5a5a45d6157a3a7b81
SHA-256,Hash,618,0.009401,682d1485432462dedc1a5fed26caf4ab27cb3f43e9d47fad7eafccf0c2ed56da
SHA-256,Hash,619,0.009400,e65c4e31f7909fbef40ee41b625b1ac910be14592e05991774abb616651c0a07
SHA-256,Hash,620,0.009500,1eea1a688d4b5814e38ab2bba890707d6b68ffe477112eff383a0c70d290914a
SHA-256,Hash,621,0.009500,e0b898c8b458a631c004bc66437624b662eb9b69c1bcae2213204b4a5b27316f
SHA-256,Hash,622,0.009400,9a897f1118154de878875c80f9c3e6ea70fd91b81daed9cbce9238ca80629ab3
SHA-256,Hash,623,0.009500,406c216eb821c9113bdc583716d9deab5d014f28607ee7d24f68f9669eb7cf66
SHA-256,Hash,624,0.009400,e34040416e1bab9e8bea970ba5aa7f28a8866dd2da977c2a0806b62ac24faae9
SHA-256,Hash,625,0.010300,f3b19b496373c2c0d950bbd1ab7bc194af946542ae015d369ff5461fa2df543a
SHA-256,Hash,626,0.009600,55fa65c1971f3b739448f9ad57f36b620b1b68d0705a6d1ecb1d130df30535e0
SHA-256,Hash,627,0.009600,00dcb628f9afc2ae759d1ef573e972789cc18895da4439fcaf530beffeb51aaf
SHA-256,Hash,628,0.009500,9784ac0ae103236015696f0da32b3f3d8378288ef1bb0126825a165a427e11ca
SHA-256,Hash,629,0.009500,30db5a1ffd34b7991247fb7454e319cd9a846d2f3a9a4795540d8b0c668ee4e2
SHA-256,Hash,630,0.009500,a38faed57a8c8d461ed9567787d22cd74d9e3f8b42904bb77681741febe9499f
SHA-256,Hash,631,0.009500,e3789c20c7d28209b84cd875dca8655892df654a71cf6905990fc14b280f1c01
SHA-256,Hash,632,0.009500,f4a5214296c492b58e5b881b8b6da20f8c9b3f0f5147d48907c5f0644d5b36ca
SHA-256,Hash,633,0.009500,09c511723427f0b26e1be50cd3086c97e7403de01fbe4f4ff19dec6d1e54c341
SHA-256,Hash,634,0.019700,2f5af4f8faef90678ad367f398bb40741a846b2844ee0affce3f3b418ff711aa
SHA-256,Hash,635,0.009701,41d7c2782a3db2fd9ff2a055d9cb579fdd674bbdf972063855dcb4f7fdf7be2a
SHA-256,Hash,636,0.009500,c11b773aa40de5bb056f1f25fbd2414d5ce24c674dbc7b4430298ea7b02479ea
SHA-256,Hash,637,0.009400,e3982c185da4629d5f6f4e904922fee60520af1cc477f8edcee4b7dcca26658e
SHA-256,Hash,638,0.089500,2be0dc6920a7a8b7eb7d25a45dd8234a432e9bb7c37bf497ad9e0d305188e000
SHA-256,Hash,639,0.010200,a3cc63f5f0e92185cebc0bf3573a3086f7e22660a06e84bd1f87543757f71cca
SHA-256,Hash,640,0.009500,7a4dbe3d408ed3388201fb17410db6ec517f4bc872114d5d53ead32ce64c5e76
SHA-256,Hash,641,0.009500,6bfa843026567251ba8a3c9327cc36c419134560e5bc0658c39784a5b523da71
SHA-256,Hash,642,0.009400,1f8df01b73f5914209ea22926bd5a712ad76ec13502040adfa6e2f012c97da11
SHA-256,Hash,643,0.009900,8a1a256277fc99e99be57c8b6845f682a2e276d6e645bdb4f3c4c8258c53c45d
SHA-256,Hash,644,0.009500,5d38ce8e351d46a621a91c70eceed3860d6ae81ce244e8970070ffe869c3c59a
SHA-256,Hash,645,0.009400,3be0bcbed7df05a7fed3b7cbf7c3ca09851f0c5daf0551bb0d6ce9122f045dfc
SHA-256,Hash,646,0.009300,0556405cc5b1bc7d29b15d03370c2daf54fb40ecd21ea2cae8ea7a3d8586bc37
SHA-256,Hash,647,0.009300,4c9994a15cffa9754c2d39eb2f6ce0a7bca5341791c5ef2f091dad32f8ff8011
SHA-256,Hash,648,0.009300,b3d43f5c63ae549ae237fc9582e4945243bafee56b377e35863cb00e6c596381
SHA-256,Hash,649,0.009200,97c3f312812689e35158ccdd7d1ce9047c8ab9711a94aec6b135de827b9a1228
SHA-256,Hash,650,0.009300,b7da9f607ab30e2ade9bb8b12a6297f00f69e4be03825fba56c3d8a80e47459a
SHA-256,Hash,651,0.009301,5d1ecdabe4630d04c52e85dc19964b3abe09f9390066fbd421de6cfe4ebdf663
SHA-256,Hash,652,0.009300,ce2be53d27f3f9ff23334f139c446b521a499263fed2e60d08ddb8a8038b0650
SHA-256,Hash,653,0.010000,fdf5bc68ac714b754f561dce51c78d998334c287076cd4e5ba8addb3b2ff46e3
SHA-256,Hash,654,0.009500,a2792bb978cc532cd745dbd07ca0327de6a7efa1191ef04eac4a62dcc18136ff
SHA-256,Hash,655,0.009500,1336f1e4cb48c7534bfb25b719c50948b9b70094303391106d8ad98e0c70747a
SHA-256,Hash,656,0.009400,9585486af966c32118026703994f6207a685980808f1031c7f9b7a16137106ce
SHA-256,Hash,657,0.009400,dabea5e97def5cb6ec7e96ee7b31fe45d8afbb9479b63aec015a3792bb61bc0e
SHA-256,Hash,658,0.009400,20e4486dc42a5cf47a3c3439cb609e7a759da02fdcd569914fead13305f79a7b
SHA-256,Hash,659,0.009400,e26b7ea34c894a3a9db7f9938a3a525735f70d49953932165de6d1649bd8d641
SHA-256,Hash,660,0.009300,f2d72096542e9b67e456dccdec7a455be519546c50a1c64b102848a85aa6fcb8
SHA-256,Hash,661,0.009400,3a004e8c8006f32403a58c100a7eef9a7b34e77f97905f92b4efb9eee79a0ef1
SHA-256,Hash,662,0.009200,f26c7431f9582abd292937a74810051f058300ba32885b2cb95db346075eb305
SHA-256,Hash,663,0.009301,76476b03bef8c83d1790f0cc59358e9bb001e9fcd986aed525f375676b61544a
SHA-256,Hash,664,0.009401,4d2ed3980c2120a3b90c50714fab0c9bf95b770f534a59da3be2bbb558b1db80
SHA-256,Hash,665,0.009200,347d10e95adba56c945af7d894edcfc75315092d2db316ba0e14adca0e4d0a0c
SHA-256,Hash,666,0.009300,bf80eaf7deb610db10fd382bd92cf2b0c3e33cbca7b9cbfd0910d442934ca1cd
SHA-256,Hash,667,0.009800,c96c6b2fc42aaa06c8201be95e1145ff169f16315bc2997e9925dfccf31feb22
SHA-256,Hash,668,0.009601,3a5dab3265b356ea4eb5bfd6ed6fe699c2870787d5ce671f5936860d08db1c44
SHA-256,Hash,669,0.009500,cddf333b584b02dd2c239df09fb7adefe22d94b627a3fc25b52db5d2afd78d8c
SHA-256,Hash,670,0.019700,1e04defbc7d67675db78b480ae622f8730328521f5ca36aad549fcfbb42f0632
SHA-256,Hash,671,0.009600,f7310e98bce8ca7740c65611da2af3934b6549f8194d77db0704761e44260dfe
SHA-256,Hash,672,0.307300,298ff734eedb2429ba04187ced5a91f2fccb9cae04efc8140d947a086d5cdcad
SHA-256,Hash,673,0.010201,7b72fe7079a1b5ae8334341d038ff7de6ded60b908da03381a7b0d03e8b3f8d7
SHA-256,Hash,674,0.009400,c11d54583ccb57f967c4badac28ca1c3eb828296f66447ab2bd0529c5f41f825
SHA-256,Hash,675,0.009600,c036f55d815a74f403976b14ade0aecacff01ec2591cb13c789cac090ee31049
SHA-256,Hash,676,0.009500,288ede63f3759deef9650f6187b61e1ce38990dd6cb6c9564ca7fb4827e29a62
SHA-256,Hash,677,0.009699,5281de1e614c4aeb2092eb4cb6448596667b3e500509d4a5e67ee0bc1d99baba
SHA-256,Hash,678,0.009500,e53ce641ec99d0692b085ea18870c4099ca4639fa772459232a8c8d28bb71d24
SHA-256,Hash,679,0.009300,3692c818769530830beea626d31ef14c9caf124caa304441e451268dd62cd869
SHA-256,Hash,680,0.009300,e3668f88b89ebf2046de92070539917c4632365fd92fbad51166f7891b8bf164
SHA-256,Hash,681,0.009500,3cec45ce398e6f902505808b94fdf0ae83dbfe8fb62a2be3456cd3b3af10be11
SHA-256,Hash,682,0.009500,83462d2d071181c7746159e3118e130d5b071c2b5c00a021c0016ff9b06af225
SHA-256,Hash,683,0.009500,da335e49a5d15bc8c0f578c3f5dada7695bf00e79273c852148bba3081f80ca9
SHA-256,Hash,684,0.009400,a8c3fb14e6ad9ddbd06f939a5be565391a4c295b4c0026d0b94d53dddbafc3ff
SHA-256,Hash,685,0.009500,bb3c7897b3163456f6166399fa386d54f847a503f4e0afcc0b8b27bb8d792b59
SHA-256,Hash,686,0.009400,1a96c3a87c97a2c1aa460f3664796a7a71c529a7faa7034d8032a5548b8fed58
SHA-256,Hash,687,0.009400,3a84fd635de77492cc58a6fcf2c1c8778e81d1c058f1d7cf2373199469519405
SHA-256,Hash,688,0.009400,b8049eb0264a7ecede2814aea0ead930f8d08b61b74e4adf3c11c3267525defa
SHA-256,Hash,689,0.009500,a5836269445ebb13f4e50e2afcd5c31945370624743b444379f3e38c2c66c8a7
SHA-256,Hash,690,0.009400,c4a89210d32a21ad666fc09325f52d3dbe72500a3bd6f9bff6cbfc19a09ac39c
SHA-256,Hash,691,0.009700,481e08ae97c1dfa0b180dcfb1cd271544fd6a8637d14944e79c1739f317e956f
SHA-256,Hash,692,0.009600,9f829ffefe8dffe9bca754f9be2e5852a001ef28b120218675c6f81ad7b73651
SHA-256,Hash,693,0.009500,1c8954881e3684a468d9915734003df77c1864b4868b8ac0a123cf5e523a8c11
SHA-256,Hash,694,0.009600,6174fc3cc8516c2076da87aa1ed55d9b5094f6ba712c0ef15721c77ecb08c44a
SHA-256,Hash,695,0.009300,748c8e1a397c364a69eb023f05fb3be7d42e2965a4a1c57ee16b1233ab61f290
SHA-256,Hash,696,0.009900,36692536e33c1456c1f6107484bc35ff6a69e98af464b2e536d49c4885107684
SHA-256,Hash,697,0.009601,e2b5a3d7c25638737f852c34c45c873c04dd51f0deb67a3f3bb8c72a00ac5017
SHA-256,Hash,698,0.009400,14486e72bc07c1715adbf240ff727852b2305535ee4ccc2d53a5d478a3c76f5c
SHA-256,Hash,699,0.009500,9e6f76b7940560cf120ba98ccbb1ea44c7e33bf15b9a4a84d334128945d18916
SHA-256,Hash,700,0.009400,e54b3b6d8a8e9cdf8fcdc6900ca15800d9d89c1f64df1b89e46af82e6d336dcf
SHA-256,Hash,701,0.009400,62b545dd1d025439ba7bf24c8941f948ac5cfae36fb548a4152130746d46b00b
SHA-256,Hash,702,0.009400,a1995a92fcb8ba9002084bac500c61095fdf861fafe611ffb63cff3cdb45b8a4
SHA-256,Hash,703,0.225900,60fd218662e99f04ab6887971b7a726a6bf3300a03a2fa8f537d157876ca4213
SHA-256,Hash,704,0.010600,acdc0b4ab8049ee12fae294a81e2eee5e5811960cec9fbb7306e7ed5969c0d83
SHA-256,Hash,705,0.009500,be80525a7c714b6733073b394900e78af36d6ff42c2dc96b243d1e4c80af2185
SHA-256,Hash,706,0.020600,a3573419422f613edcc3266e9b7da759f30309e96a6f57f038c94315ac3688b0
SHA-256,Hash,707,0.009800,2bcc0f7a10cb563ee75db30cdc66f38b9aa36ba6067553c58733cdb154c45aa2
SHA-256,Hash,708,0.009300,fa647152f69dfaad88c8f2895fb42f9d7381351c3c7f58da5b7b23121e6a53ae
SHA-256,Hash,709,0.009400,977e694325639fe158feaad38eca375526ed67c57f8ea9719df4970c1fcb2a16
SHA-256,Hash,710,0.009600,9cd07ddb4d56f68866b08f1f11a650c53ebaba9efcbea7b7eab5de1293cf1887
SHA-256,Hash,711,0.009600,665b620fad95e6d709b401063a599406b4d269764f8eaf701e78f165710d049c
SHA-256,Hash,712,0.009501,00c0227c0fc2a0fd5253fab5d5c72d66bff36b511639dc08b05c8813f1755dd0
SHA-256,Hash,713,0.009600,5a23224fbf69f64c8c91945a2e16b52005c00185ac8c64e5e445654393b168c9
SHA-256,Hash,714,0.009500,43f98e3bfcc24c163d9bbc688b34dd2248acff6fe30af72c0ed888d547345090
SHA-256,Hash,715,0.009500,1945f673c0a039ecc3b2613f5dbc5d7e2df20d5ea3f6eef8d7659f7f6cfc9f72
SHA-256,Hash,716,0.009400,cf5bc6d4cda55817e1ce931dc2c58ea62556837ae4dc82020f459ef1b4ddeebb
SHA-256,Hash,717,0.081900,cc96e640769695e78fab70e13f8c8d509e2cfe5a95aa3bed3c4f9bb585462e60
SHA-256,Hash,718,0.010000,4a391050ca953f347264bb4b685b5757b433d3c2fe65ae827b41292f71599cc5
SHA-256,Hash,719,0.009400,4d21a0b691072e86509cc6ffd305eed3dfa31813b3548e2e12d7501c6d259c8c
SHA-256,Hash,720,0.009400,35777c4f85029b103046f88e6ea567c75dd81014b0074e086dbfed632116437b
SHA-256,Hash,721,0.009600,f7f1ae24e422b56b675a0a1536e5e537f1ac6493a18ae46ed97a1ca637f4af8f
SHA-256,Hash,722,0.019000,e67c354c41606b8cc17394ab42e4d805c13f8a1d6f5a6ba02fec9594b8487800
SHA-256,Hash,723,0.009700,88653a9757fbe225a3a448d44f0cc1afc4d18f5f094f106d41a9e49b5fca740e
SHA-256,Hash,724,0.009600,59c40868df72ad51a891e00c5664b8dfb6e4578cf1f5f7a7d2ca5bd0b3e3d434
SHA-256,Hash,725,0.009500,f5a8fd07b9359f7f74c2b5564102d690b2e1463d8d4d3afbbd4c29269dd3d713
SHA-256,Hash,726,0.009500,eb53ed6bf5a8152254308999da67dfb3e56d702aa96a3fe0675857dac467b6b0
SHA-256,Hash,727,0.009400,5799b2fb029aecf21dbfdd31bf34c49de666c7eae217f19ba7ae6ea64b8109d8
SHA-256,Hash,728,0.009499,043cd3e66845278bb345c1c55991f8e9fb705d53244507b00fcd2790449a91ae
SHA-256,Hash,729,0.009401,c9b6d8b8394ae0c38a89886d653091c9ff59985eff7d3651bddab6654b7eaad4
SHA-256,Hash,730,0.009500,7d04e687b334d69ab19605f7672871892a8449996b29136bfb09539e5c2e9b33
SHA-256,Hash,731,0.009400,fa9a435e24443a947e42780409eacec281ed6af58eebe85f830f590d4dad69a4
SHA-256,Hash,732,0.009800,12e8f251e47f8e4e4aeef7b17d6a59e2e922f625c65ad934d2415b42c3667cdd
SHA-256,Hash,733,0.009500,f9aa41b3597fa47f579d5dca4e3052bd4511c1f9cb7a97dd0f5dbe3df6ec5dc0
SHA-256,Hash,734,0.009400,4d3e927fe9d14e8c4f4faebbaebf03996ea4a2ed8f0dcfdc1771e897674f7695
SHA-256,Hash,735,0.009400,71a089e6a0688ced9a8a90b2e1a0cf745796bb45e0083a5784d579d808707110
SHA-256,Hash,736,0.009600,fc598dd60ff4a0208bebb51df6a27aab568d0cb48f40fcbf6c784ce18562233c
SHA-256,Hash,737,0.009400,ba314d14af205b95e4785738e356623c02eb19bee179abadaa07493e40affeb5
SHA-256,Hash,738,0.009400,d5ae7d07e3eb84e7f73c34771228b032c533ebe3771272adb87fbb603ba9e0f6
SHA-256,Hash,739,0.009400,5cda16e55ce16788b5045ec7bc59ff885236341f9155f723228acc675450e3ce
SHA-256,Hash,740,0.009400,13ed990db4de3819b89a54240cfd26d17b3ffc44b598b73334894ba6ee79e9b9
SHA-256,Hash,741,0.009400,48877555a3f3b21d77c506edce6b3ddb16091bcb1580f4e3ba8c8636c050b99a
SHA-256,Hash,742,0.019799,79149e0ecabc232c6ec5ef9e478683d799228af092d399efcad488def7a1a21d
SHA-256,Hash,743,0.009600,1cbcdcc124178cc5298e5d8d80e22119cabdc703c53b5e22b65a2fe0a01e6d1c
SHA-256,Hash,744,0.009401,a3756265a686ec6167b720e7a9931723fe9de303b2c2f5e6e956d8ad76e6278a
SHA-256,Hash,745,0.009500,a504eb0d702baa4f902f17e40d0d415f4ace3d4862a8bb9ddf91f86229b16785
SHA-256,Hash,746,0.009700,9378012cb21cb0a7f5a2e3cdfaa45aa111f2c4d20fb244e03d9accbe1dc0e6ae
SHA-256,Hash,747,0.009600,63c9c3701846aac063432c059e1c953363ca492ccd4e951cde4cbad76b08026c
SHA-256,Hash,748,0.009400,2fbe1c7eae19e9d6105edb4b9deafa867e7a0f0f486b9180216edca95ace65c7
SHA-256,Hash,749,0.009499,9837e5d7ef0395cebbb75f992dd3a4d8310abcca1a6f94790f0ed99653a34d93
SHA-256,Hash,750,0.009400,7629c8189f2ba2fabe3a64f07532c32c719ea14906c06eb8b503367f3767b47b
SHA-256,Hash,751,0.010000,6832063ef79be99f0b339812e58e8ecff6a9ce274cd24ea5fc768cd1d99a5d0f
SHA-256,Hash,752,0.009500,0cefb81e707ed00176b4204204c34cbcb29e32742e46e3128f36d6238a5b1d2a
SHA-256,Hash,753,0.009500,66147b09cdfe5766ee58e9228cefe66478781e02a8ce028c9798928ff5435229
SHA-256,Hash,754,0.009400,ba204490e7fb55aa7adeeec25b36c68310b7117de9edb2d45697a02b4f16038c
SHA-256,Hash,755,0.009500,3e3a911576f721d6bd695c288a36f60dd8c5af75caeccbd4861937c9b4c26b66
SHA-256,Hash,756,0.009400,e82398cea3e9a20c4e072b727e6b2794c2f2d01c8a4b26ac768b6024939e0056
SHA-256,Hash,757,0.009300,b93bbf3dd59f8b854f9758f8beb2a8f63d199c35ec47b0015080d11f804cadbc
SHA-256,Hash,758,0.009400,0b72a63e862a68a03a8d15641a7f9cfb10a89ca093b1b3a64ae31602c0d46fa9
SHA-256,Hash,759,0.009400,2d4ff1a29ef3f56f64b26b6c5bfce52f948cf78da3708f585892f4a1d60a9319
SHA-256,Hash,760,0.010000,f2ec1ddab52101bb39bdd9ff2044de8842f47de10996c460cbe947e0d42b414b
SHA-256,Hash,761,0.009700,684fc011f9d53c38708af3f54240f4e9f7e95288b09e410d6cb997bacb59d8b1
SHA-256,Hash,762,0.009400,cfb88e0dc2859f1e5e9e9dff822052124434f4b9a94dad9c2d57d9f0021a1fcd
SHA-256,Hash,763,0.009400,e3f75783f5f64ed1c4a2169852b81741c7faeac381576153228d6f683500e9b7
SHA-256,Hash,764,0.009400,db78bda04a49ed389f74dbcc4aaa444655cec6392691ae4842282ff9b77755bd
SHA-256,Hash,765,0.009399,07f29bb2bd285d8b8f6121c0717b4d71241506651e879bfc5294f3b82fac8b53
SHA-256,Hash,766,0.009299,cb085cb6c5a7ab39e9159a1b8d19eceed176dce85265949dbf9c19c0fdf2a371
SHA-256,Hash,767,0.009300,a02a358e9a0a74cbbf8f5434210bc5b2ca885ff957bc32834da36c1c7b1eceeb
SHA-256,Hash,768,0.009400,36c929c4329004b77f9734ff4013f1dbb9d0471e475cb521f63bfabbccd424ca
SHA-256,Hash,769,0.009400,23b7d466a9659e41d7f70960bc1e5e02ab1a59a1fca52be290f65d19329e04da
SHA-256,Hash,770,0.009300,eff083a9a285cfccc990b04556930e37adcfd596304ff22b19932840f034e6de
SHA-256,Hash,771,0.009400,97f9ed07daa47f2690933ef2b11a9c9c701ecd965b17306b74bcc0904424b188
SHA-256,Hash,772,0.009300,825ae2af386325594df6b3661d2563fe75394f531c218a7b617d3c38a7c314c9
SHA-256,Hash,773,0.009400,0eca20d6b2827407246acbfa1b10294f107d97563549ce5b65a9d07eb0568001
SHA-256,Hash,774,0.009300,f4c3f0c1a7a5fdd83293e280fa5bff4595147bee9e7aa550200cff134cb6e472
SHA-256,Hash,775,0.010001,8f333ef33fafa96f54f3d3aa667f95f454ce5e75780da91fa762e6df39b61e5d
SHA-256,Hash,776,0.009600,173a5b1a4bd21ec4d80eec95bbb05744ea5e8f8657f3f8049a8b959591602893
SHA-256,Hash,777,0.009399,7c6a6c7215839f4569132ed509581150edc452e4ef7d627dd9de942007850eef
SHA-256,Hash,778,0.009500,3752b085514b09685562a16ffa406d707a1508a1b635f633f2b3b0271a2bc900
SHA-256,Hash,779,0.029400,711147aea886251930753f04c01624218266fb452139e3c43818f38abac227e3
SHA-256,Hash,780,0.009900,016f4122346c8388ceec1532987b99eed018bcb38c1378ca29c8c723854ac991
SHA-256,Hash,781,0.009401,0f80663cc7e90d4c334b6ba459292a50a07e50044a7a9a25f38a8f12d9689b2a
SHA-256,Hash,782,0.009300,7341fa300a980aab59e33f8094bc648045cadca66fd9656be2e530c65ae7c8ec
SHA-256,Hash,783,0.009300,ab53ad82727223990a54be14452a69897385450d96d5421e97e43a41ead02965
SHA-256,Hash,784,0.009300,5093b72c177d962fb5f4fac3ce7d0effeb7a1363c24666f50a9bc4001693c988
SHA-256,Hash,785,0.009300,13b63a5ae16e48406ed434abe7553efdc30618da7c474801c82593e96ccf9e81
SHA-256,Hash,786,0.009400,a67201e8eb8d8e4eda25577be40e18cbfed537bd297d085106f867e0b8957f01
SHA-256,Hash,787,0.009400,fda0a840a46dcdf863f724ac2427bb3c1d219c4c0648ce5b14fda52e557dc765
SHA-256,Hash,788,0.009400,0125c87fe867248ce91daae32575312a9c4e2fd70be39d97def9f75fd075bbd3
SHA-256,Hash,789,0.009700,8a655bae54fad422dd9c96e507e06eb47913b84f3040a3092f5e5883a69bf26a
SHA-256,Hash,790,0.009400,3aa3fed01a760ae4c33b761f4a204244db79a15933e37da31451463510682620
SHA-256,Hash,791,0.009400,8e6525e56f6a1650b02e8184c4195117a8c0bfb63c3dd295f6418d3f0c7fdb5d
SHA-256,Hash,792,0.009200,2d16e65f0740c915f78f07d3618614bc29f013ba0b9d66279431dc9b6d3a8ad8
SHA-256,Hash,793,0.009300,14323fbb532a6e2aa7fa511102bac72d3aeee5c8197ae2e457962bcd9306e3ba
SHA-256,Hash,794,0.009401,4a876efce30a90f0f5771af79d1662ea44a8598975c1bda90f39613e3fc41986
SHA-256,Hash,795,0.009301,28012ec27b71fb75834c448aeb57ca919c4f082b485cdb190ff063b628fba6e5
SHA-256,Hash,796,0.009200,d45c04d7c22fb45f585526028d74173397955b315b3e4e5f3aa17ae14edc81e0
SHA-256,Hash,797,0.009400,51b6fa1c3ad026d4810d610123df57cc182065d131e29fecee9fc6dc7da3162e
SHA-256,Hash,798,0.009301,3dd4858c375042a259ff3af87a84ebe99580aa90e15f99a08bc1fd25ca72bbab
SHA-256,Hash,799,0.009300,335647b9bb5b67b65f16e5217dddc87b0d39a2915f903588c6541935b375a6b8
SHA-256,Hash,800,0.009300,8e72ca6027379c3d68d8f1b79739799484b0cc61fa9071c60497c98b54074647
SHA-256,Hash,801,0.009300,965451908d27669a1d6bb86fc98b711ef915f7c17eb95e1babdcbadf4bac585c
SHA-256,Hash,802,0.009300,7897d8db5bc038b70722f095968bf929e89dafa670f37ab24c57006897646d7a
SHA-256,Hash,803,0.009700,d96b06440673abd2ca74e644bff8c8cddc018ea197b635066149ff06c63a4f6f
SHA-256,Hash,804,0.009500,1c0c240bc5e5d66398105955b3032bd3aa51a07ddad08f092043dbc2dd6a7187
SHA-256,Hash,805,0.009300,21dcea188acbe7891a0ee80fb5a8b03a50d89faa21d5cd3cc77bc738aba2b65a
SHA-256,Hash,806,0.009300,ceba2b2892fa2f9618ad2ece37e58be7698ab6f212832e8c1568af2b8f36dfc9
SHA-256,Hash,807,0.009300,9a201d091f9d5a3f4b7af45d36537540d2ef35ad2e63d4217f442f77b16d3775
SHA-256,Hash,808,0.010000,af017ca0c846354714c4ab13e9539958dc1738fe5def6490682f1d0cc5172719
SHA-256,Hash,809,0.009400,09660f2211c200a48ceb680820efbe5ce32f5f411bb56ce086c66caa18cda53d
SHA-256,Hash,810,0.009300,0cd39065551d110bbe44bbe3686b1269698f25c667d8e9645425a0a51643d91b
SHA-256,Hash,811,0.009200,0279388a82df5ce65f761968f0f328a96ac3bb5ccd80bd1ff58da9d9536db14f
SHA-256,Hash,812,0.009300,bcff033c06fa715100e3285b6b1ae11914abf2d18d5b899d79b3dff6af995a0f
SHA-256,Hash,813,0.009300,6912a5c0b340b146fcaf2bd7850db19cbc981b5ad086a1fb64aac6eb1e7222ae
SHA-256,Hash,814,0.009300,47fbb3ca4fe58184847d6d3c7df15c2637f6a882f2fdef9d5f42759d37d4bba5
SHA-256,Hash,815,0.019300,a773390ac8275b7cac26913a199875d2c3d17a356bbd2c0490b0a7b5d80f4402
SHA-256,Hash,816,0.009500,cf84d6008a13667cecb8e53509a3b049a1694f0a25c991837c6685e6813b75b0
SHA-256,Hash,817,0.076301,8dcfe84fcc012ab55c3152107f486d3139ef3cd777eddf6b9c08adb42e1fa5a9
SHA-256,Hash,818,0.009600,c664ad508c7f785c828ced6a38576f3e9eee30d22cf4f8c7b079bf61105cf3b8
SHA-256,Hash,819,0.009300,e5f52b2f7ab21b136a223b8a6b9abcbd7b3fe20473d73185c3183675dcf9e8e1
SHA-256,Hash,820,0.009400,0edaed08c1897bf9bd60ef5d4166326683697bc52e8bc8c653e8bc2ad9af9cbb
SHA-256,Hash,821,0.009400,f9b13d279665d276c8ee7da1aa04a342eb1778523607a67cd264a15802f6f4b0
SHA-256,Hash,822,0.009400,8acc157a744ef06e931da28d06331e4874bbdcf8dfadecef7b1143c3ec4bd68c
SHA-256,Hash,823,0.009300,acc284c521e28717d2727c18e357dfac1e8dc35b76f9ac6ab9a9acc3273ad7b3
SHA-256,Hash,824,0.009400,aa9d5bea147e9edb4d5b52c76c3b883105838d4f8d4c1785648db7f6c1d956bc
SHA-256,Hash,825,0.009400,d56a1422b16e46af7de121e0cc030540512941ac125e53842d74bdf756d8c383
SHA-256,Hash,826,0.009400,9072c3acee019bdc79ff20ac3230169ec1d88d8d020c83ca10d5deb59bd77c49
SHA-256,Hash,827,0.009400,5946b1914eb2e97475bd14af9c4efdcb63c8a91daaa86660638276f699548ee8
SHA-256,Hash,828,0.009300,9c33197e89712c0b9f8fbeb5e5af572abc6ba543ed109fffa6c11028cdb37dac
SHA-256,Hash,829,0.009400,2a17e24f124c3466ebf36895eb290929936205acb0791c9699b9dd9159d69816
SHA-256,Hash,830,0.009200,25851821568e5205a9d4d17129950a32987829f5ff300a683a965e8520219c45
SHA-256,Hash,831,0.009401,1028d2966aa81e305790d6dddad6006f27dc5dee1589ae88b7a69728f8633569
SHA-256,Hash,832,0.010000,7b055c3e311ca595a1d9afc88f5ef4f3de270b2a3aee0ce7ef22bdc498ee31fc
SHA-256,Hash,833,0.009401,8965e38ae874fb7156b7543861af5b67281f700838b4cb8d5ed89d749cad0a77
SHA-256,Hash,834,0.009300,3307247cc60969d023c027328e84a566a9008db9dc02cf95b3a5b14c436610c9
SHA-256,Hash,835,0.009300,5be76f478d64ace820987fd52329a080c3e6f073e80e7789548b41d0c05c6798
SHA-256,Hash,836,0.009300,d61319e23daf0bdd2cd2fd92a4afc96433d8bc5ca487886f8de8d0d4fe335579
SHA-256,Hash,837,0.009800,2032f536c28b2f15b5b7ba0a37c9b6bcae8f64c4c1437feef86bfd8037534dc8
SHA-256,Hash,838,0.009400,1d5504101d0c86e7a68991668f16c8e541feb3e407b8e3dc3f62c1e01d03888b
SHA-256,Hash,839,0.009400,218725ad1180d4afe13281600a3fc3b07bd07612ea5b65f5c07e9d2f0999604b
SHA-256,Hash,840,0.009300,57839d59b65d3cfd3acd5719a89d2d45711eae3b9ad5fb9c691e97e9dd8cbfe4
SHA-256,Hash,841,0.009300,e7c4ef32c39b97a1c2c5929b21dc3d626ca9bd33a91b6166238bcad7930c3ed3
SHA-256,Hash,842,0.009300,ed5183baf6a3e7778044dc69c88fcb91dad445dcd19ba3da92155484ef492794
SHA-256,Hash,843,0.009300,cb807309476e4ac40695f9478e5bafce332226a124b8c6f164e16c13e8e2c1e6
SHA-256,Hash,844,0.009300,19c612c05cd3ba97fdf4610dd88b8bf980485933533ab14c6f4055c3c403a624
SHA-256,Hash,845,0.009400,9c51d4636300b357690eeaae0ae5a6e590ee05cdbf1626e9ef21c193b92d35e1
SHA-256,Hash,846,0.009900,bb7aa9f5f4b80be844d535d74fdc94134161b14144e4bd60db2a591e78509383
SHA-256,Hash,847,0.009500,9a9d8f1b50c7173e249c84cc7bf44a57e1f1721cc05544b7cfbb9ebd6ffc7271
SHA-256,Hash,848,0.009399,1683d8d6d960568b3f044440cf19402c9c3666150e6b67f0a80bdf6dabb4b31c
SHA-256,Hash,849,0.009400,a3134081bcd5211d9aa2a8a4a8d2fcba6f5434ba88bf1c253dc5c379b6326d5f
SHA-256,Hash,850,0.009300,1c8598ea86a679f102f85da959a5c5087ceb08bb46420be62659bacf34eadc8d
SHA-256,Hash,851,0.019700,25360cb8b583f9c7d4078de40944f06378cd3fe6d22553a28354efd2608bc9dc
SHA-256,Hash,852,0.009500,bd2fccb869f9fe7a53035ea3f844eae10bbceaff81830c0e87200dc35c09e40c
SHA-256,Hash,853,0.009400,1f90482fd0715d733ef38f9d4046baabae3179d9e4f10a6a10e3750f7212e2a7
SHA-256,Hash,854,0.009400,de0cd66b0bd3b541a66805d239f6e9b879a83fc8c8750ea733a69a682951d8f2
SHA-256,Hash,855,0.009300,80bf98a3c8fbbffc0e439f144702a521711da7ed2f9d678106f37feb97001b29
SHA-256,Hash,856,0.009400,a32d0826aac41e50ca8ac3a5b3dcd3e2481e567c8c59bbde760e915fea41f5ec
SHA-256,Hash,857,0.009400,73704db9f0bee609f6e47036d26ee66a9e8604d1983c0405451221683a8c048a
SHA-256,Hash,858,0.009400,0dbb8d3d489b3aa248bc5a5565f2d4182530531c2aa806f98a61d79e70b6c280
SHA-256,Hash,859,0.009400,165f914eddb41145686c0b5ed16cc4244651f9091ac64f5e9eb90e702f22e185
SHA-256,Hash,860,0.079600,b8c713ae77ac6326edbac8e44893421ce24636bccef001ec563a6e69f7f17521
SHA-256,Hash,861,0.010800,f6adf147260e00a8ff8b01bd640ce715dcf61670fbbbbea5785143c84511172c
SHA-256,Hash,862,0.009600,3945b8c4e9bbe34d6c1db4491b03a04009564780415771ee29bf24d4b7834756
SHA-256,Hash,863,0.009400,784d9dc98c0174205155e2787536bb3176da10d9852176ce4e6f628a6e8eedbb
SHA-256,Hash,864,0.009400,230fc54e6a6763b1e17bc63451fb015e876a36694515b5cb16b43c9f3708144b
SHA-256,Hash,865,0.013601,98c696fdd7b56fb460d869b95c8f13380214bcde2e64b2261f55a78d86e41989
SHA-256,Hash,866,0.010000,27cba93485b4e9b4b85f2e82dbdba1e49f66cdbe9ba8ae46203b23d9fdad12cf
SHA-256,Hash,867,0.009399,74e73b78c3123a4936e424018d49c358bf756445c05f59062a52f648a16f8a92
SHA-256,Hash,868,0.009500,73e36f25c785b20060824b58d1c6cefad1c5d869e92288bfc1ffb172cd027626
SHA-256,Hash,869,0.009400,d1670f96ff9388863c492655c8032952525db9a50b18f40eb7b2de0b1b1cb91b
SHA-256,Hash,870,0.009300,956ce30451d3a35895bd776e2a662b28c1e3f7ba9003c7f2f6f564e1129a8450
SHA-256,Hash,871,0.009500,778fdad067f6bc2598f12599536a6beef6fef3c8a7b7490932f8165d75c894c6
SHA-256,Hash,872,0.009500,cbbd2a7b04919efbc4d91c6f5b7909182efc7c04d1095681d15ec75c479b4fc4
SHA-256,Hash,873,0.009400,e433bee8b647074357eec76dea2629a96648aef8e69a57d101fa3dfd4591fd39
SHA-256,Hash,874,0.009300,0d3a1580160dd9f9da01ee65f41db566ea63f1382cf8fd46aec52915e6fe0827
SHA-256,Hash,875,0.009900,e274e84bde73c7119670df5f911f064c7682df68df509433a4c9e761530c0bc9
SHA-256,Hash,876,0.009600,619e03d7f8e2628da0fc0b71ada3e788dc33305a80c7106c1994a2c07292aa1a
SHA-256,Hash,877,0.009400,bed35faa6d586e4b4947b916fcd638efebab42c8ab38104e2f61a377ab5fd05a
SHA-256,Hash,878,0.009400,6b49870e22d4f284a5e32fc8b4acd8b2c34c7b38e073139033843106728ee400
SHA-256,Hash,879,0.009400,1323ebb8a7ced7025c52ebf7703d963b30b5f0e7d93dc8cbcfa6bc233a4e8f39
SHA-256,Hash,880,0.009400,db9f2fef9756451f05e02a516de3650eb346ab647d26a4ef8eacde06b3c020ab
SHA-256,Hash,881,0.009400,24e747629f8981afe61363abda6cecdd45cd659a9e4392fc34cf1cc847f8ec31
SHA-256,Hash,882,0.009400,03d1417cce4bffda2f835b6fce8dbd56ec43bf4dfa360fe29d728fa4c9fb89ee
SHA-256,Hash,883,0.009401,494b85778f8d1d6dba38376fd4075d088655ece63a0cd0154fafb75b2c0c6a7f
SHA-256,Hash,884,0.009501,875cf78a4c4a34cef353f4c4d98831239528411633689c7ee7c3ba98eb0d5a21
SHA-256,Hash,885,0.009401,ee8e65439f8b2103c96e6894b084717717175ddbc02bc44ae68399ec161ac234
SHA-256,Hash,886,0.009400,400d8c4820a88c18a1bcaf3b51a78a7139abc52d161ee60475bdb03004986355
SHA-256,Hash,887,0.019900,24b13d6d3d7d3ef1d478a770abf2a79d786f5b8807cdf62af7b89cd03f86fd0d
SHA-256,Hash,888,0.009500,02ca4ce02f55e89d1fc9a21a633703bff37a657bc0e5154254d963bd15301713
SHA-256,Hash,889,0.009900,7bc66d746cf9cc8a3cbc75c77546b2cd65ac52f4157a8f8fb0b32b2d95b14fd6
SHA-256,Hash,890,0.009600,d59b07e25d8e7a00aaca7e831e6f03b5cd0e374700eb2241b777b9de38cb4c80
SHA-256,Hash,891,0.009500,d2921ae67e3685dad77509dfa90cf689b5cda5681b3f0e0d1833b8c363f860f0
SHA-256,Hash,892,0.009400,cecb521aad890c7f5da6b23f7be2c647767cc6d2a234df023f3f7e03c751a7e6
SHA-256,Hash,893,0.009500,fe5c87f96cb51e9b805a56c58fed3279f7edaeb9f79bb128eac75ffd6d6d4fa0
SHA-256,Hash,894,0.009400,e086c5961c5fd0a2a3b3eb5d118ee4b2ab1af9323d4d4a8386e0b5df1017ae07
SHA-256,Hash,895,0.011900,e843f5f9d4035b46dfed86835331ea471a0bf4b2d097368c5aed7b3448c18cad
SHA-256,Hash,896,0.010200,32dc031a05299f777cd39adce3002ca598e8234a9a74e894f295c8245669e317
SHA-256,Hash,897,0.009500,0e3a8ca96a895b3bd4a875ebac236a76e54219cb247483f89b20fc3601446799
SHA-256,Hash,898,0.016100,895f3f38c3f3b3461bb25f452b1556b956791033094c5397477229b87c046a06
SHA-256,Hash,899,0.009700,3a7fde40d21bdb41e99fdac319b6b8da438ec00596efb1e3c1327c2a40980c58
SHA-256,Hash,900,0.009500,abf992e574b903d5aa204398dd422dc1617e8f165ecc10bc79692f81f549391f
SHA-256,Hash,901,0.009400,19fa419717cf19fb1fb2335f406abda1925423159a3378002ea4be2719f273e4
SHA-256,Hash,902,0.009599,fd708d4ecbd0a7655391a0f9c3fe7a4bde4677d95aabc6c85bc4d5bcc74431b3
SHA-256,Hash,903,0.009900,b93a56a3151b3a4cd50f84a429ede6df2cc91cbf1fc82ddac641996c86b3eee9
SHA-256,Hash,904,0.009600,afa9ecf943aceea37519ac9ec2ea270892035b867fd68f3b7b3d7c00f36c04ef
SHA-256,Hash,905,0.009500,68cdea61b65ed23f15a0bc98a234511d47fe940d8b8478db001374d45e06a9de
SHA-256,Hash,906,0.009500,8b6d515bb9f6f75e38b2067c5edbb7ed0708913077dafc0858baedb22fd9559e
SHA-256,Hash,907,0.009800,7f6f0ffea8338395310a67cc2b0e2035b3e64fe028cabaca11fa19c56dc4a07b
SHA-256,Hash,908,0.009500,8058a6305ca4affcf19747ee2fbdfdea449d6478d6b3001b1e168170c743fd8b
SHA-256,Hash,909,0.009400,f9afcede8cc21fc1a0fd2ba7d6baaf513b2ed58dd1c4e4043cd679d56546a3e8
SHA-256,Hash,910,0.009500,a1a7b4a8517e2aebdbc4bf7cabf170ae4fb15f2d48d2a70f1a50f983af088571
SHA-256,Hash,911,0.009500,b713d687bcbf440f1241876f7843007b3a41de042d0b9bef392252eb111d6a1d
SHA-256,Hash,912,0.009700,fe4de71e0ce724752e30ce7a130eebe3ee4402f3ee88273f7a05376ebaeee857
SHA-256,Hash,913,0.009500,5604a7057c135e95b5c9e2ff558857e5ae4a23d7582eda944237c239224e1ceb
SHA-256,Hash,914,0.009400,b1802b94997cc0bcb8141f1fc549f42cc38c3e528c5f5cc692c5d663a10a566f
SHA-256,Hash,915,0.009400,1a7c3c8d3a517fc6c1740101ddd59e318cef6cd49276c0af0d877222c07fa84f
SHA-256,Hash,916,0.248900,d2d5160cbd4e9b75b41c33a3c1568daee782222f5922cd3334105f7373f9de7e
SHA-256,Hash,917,0.064699,2ad4172db0b5d3f5bac969fd3c7696c8ed75cd661796e66b02aaed23b0c60473
SHA-256,Hash,918,0.009801,b7d52da9f78b8da52f80d91e5b691b7ce58a272d3687d24a00abb75aa870716e
SHA-256,Hash,919,0.009900,631cbd043dffe3c83b1059de79594a76461c6f048395fbbf3b7e81095abf5214
SHA-256,Hash,920,0.009500,5234d8abc859c96f66d537c1ccd13d07c3b074662a2471b389e282c4c5b386aa
SHA-256,Hash,921,0.009500,f6206fe5fe1902d6f0c9c2c61c8275550a2917fecbcadacda91e409c6d4419cc
SHA-256,Hash,922,0.009500,6d7fbe527ebabf1a1a96d692205d70fa4d630cc87cae173331a25352eaf921c5
SHA-256,Hash,923,0.009400,21cf8d12eb4950d808f59dcd5ba176ccd62e7e883357a301bad937aa682d8113
SHA-256,Hash,924,0.021600,7d6f8b66f18d093f09b06a89c11b619844aa4286052a4246781fa653f7204f72
SHA-256,Hash,925,0.009800,fa4dfca35d90e088efbc32c22665a420c2b580045a363e5b9f3f665d2d0a53ac
SHA-256,Hash,926,0.009400,4358a75b700cb1a1a1c3c6d4ad1457496c878044568316a7c28c1acbdfd58d8d
SHA-256,Hash,927,0.009500,b91593db1df060527ef7ccc26eabd9848f96d0c12695feadd1821c1f8ec3d6bc
SHA-256,Hash,928,0.012500,0c6bdbd5c2f3eb451cbec949b4fe61a4cd20035b8c600a8304d04dece72d1913
SHA-256,Hash,929,0.010401,c43638321216699ba17c84d0b3e4bfd5585aa4aadd64edbf785c6b5f95bed62b
SHA-256,Hash,930,0.009700,105873dd6f808422ea47c5b872a2baabaa65dfec4d6d1295e488ee55949018e2
SHA-256,Hash,931,0.009500,eb52d54feba5b16b9271e817ffd8820959d210e74105b7764e8d8f5e4737b057
SHA-256,Hash,932,0.009600,ec65dc10a53ede37f76cfdaa3b3e32d0e3f89dd42004df683e444e7d39f5d836
SHA-256,Hash,933,0.009600,431441a5eb33621ea4cec0c019a6aede0fd9a664e8f6d0f3618a6e61b40699bc
SHA-256,Hash,934,0.009800,0892ab512724dea5307fb9b70a4ae6cdb080b839a8a6f6ebf7baecdc00261e7b
SHA-256,Hash,935,0.009500,f299c337ce6e178a966a0dafdfa996817e17c12454fa6e7720c4521cd306bdd2
SHA-256,Hash,936,0.009400,5634331361c45421bf480b80d3dc8896ef698a0c623187e99ca8a6dbb155943a
SHA-256,Hash,937,0.009300,0a50e5bd31cc0a43cc9f9e4bb223f4fdcc6a120e2a8f6c753ebe7e0536e13e90
SHA-256,Hash,938,0.009400,43d29a06d4cbd0dcdc339947bd882d6d212be41f4ee3ad5d7e9a0c6e26ae1f02
SHA-256,Hash,939,0.009500,e920054a0fdb3d40328e8c6aee266ea4ef5dacaf40e158dbf2d9bc2a1c8c0030
SHA-256,Hash,940,0.011600,4925d1a798630718ee4fc1955be365cf46a78f3107336e215b62dc909d1c81a6
SHA-256,Hash,941,0.009900,ea801286ebff0d23e09325e99ce3d78c9f767233dec90bae2868e2c7f8be2dfc
SHA-256,Hash,942,0.009500,60d962a122c2fc563cb6bbb6dfc98cc423686996b4a9864e11113c828ee22b30
SHA-256,Hash,943,0.009500,bf5897f1171c38c40a2f925920313721349a0d9d1a40a19ff69dd081ec0e1eb7
SHA-256,Hash,944,0.009400,018df72de631891b09010a9bef18d294cca9005abe84e5d50933622aac0c32ea
SHA-256,Hash,945,0.009501,0d11897927005b0fb58ae049b22838e86bdf74353aba3f5b6f9c69e3b8e28261
SHA-256,Hash,946,0.009900,9ddaaa85477328c4ace1c40032e61286ed789c76ccf59b2bc5c1f7fa14890dcb
SHA-256,Hash,947,0.009600,5fbd0e324671deb4b78125cbda01003ab3d91ac5816e52eb49980db0885a5c15
SHA-256,Hash,948,0.009600,927344373012c8a9cfc1fbc4eded921d44d4008ba7c27eef052509684cd30d4c
SHA-256,Hash,949,0.009300,e4e1b231b19781c23fd32afc29762bfb10f0e3cae8f7edd3f06d5a18da24e47d
SHA-256,Hash,950,0.009600,49ed739d8e610584897b4780f6573300578a8193b94addf837634e162cec0d96
SHA-256,Hash,951,0.009500,1649e535843eb7f8888edf9ee20c1b6de3e4d394705d83d258ccbb070a740bfc
SHA-256,Hash,952,0.010000,c244235a18d5215f2803e2efdbe738521f944991e44e9143222b10bfa0e8ecc0
SHA-256,Hash,953,0.009700,e11b39187e6a8ddae7892b4feffeca4f2a7eae3c81d58035e93b760dfbd9a627
SHA-256,Hash,954,0.009400,fe1bb09291da0ce06c7e95f2eaa81cf1436ec4b161947830c70fd3305748493f
SHA-256,Hash,955,0.009400,f54282d1f38d64c1d2bdbbf31490688d864bf50cf9a62cc49f59df77ea6d578b
SHA-256,Hash,956,0.009600,b24bf94483f2455e2d1fb13dd536c8fc2002ee9640b897379bb7ccc4cf5dbbce
SHA-256,Hash,957,0.009400,5709dda3df73c270d704e2eb847f9af4f7cd71e5dbb73b3e6158b42ee6a326e2
SHA-256,Hash,958,0.009500,dcac0a7d41b49510db8a7c0d3867b069962a06bd19f6846c454ad05c259daf8e
SHA-256,Hash,959,0.009500,d627e487966cd220e40d491d451c32dafaa638217ccbc4bff17defa188c9181b
SHA-256,Hash,960,0.089701,690b4087e3d73c3cd40db87e05d487994320f5e6ef6b99cc47c0fed7b4326993
SHA-256,Hash,961,0.009900,fdcca9adff8f873b67b9db1b727516abdf9c1c5b49086cbe9cd593a14cc3920f
SHA-256,Hash,962,0.009400,89d6222bd26b28f4280619d2d2052e84b5940689f1144e051aa5c3e7d3abc460
SHA-256,Hash,963,0.009400,02a6a0d3a3e1c5953e6cbbb28245e48d14ed7932309960b4eb48fd9c5aca8a41
SHA-256,Hash,964,0.009400,460923e3b4f5869054ef29dd4e35f2e3d15810e75e01cbf7e7fea16ada92637d
SHA-256,Hash,965,0.009400,7f180266f57d83145546cc5f93931a7f3513303ef1015be95f18d6bf618899e0
SHA-256,Hash,966,0.009400,1864a9d823b85eeb364566f3fd6a18f82a5b995dd78a648319b569ecea1bff94
SHA-256,Hash,967,0.009500,226b03678650fe3a6dc22cc2f03b2fc0743f34d7c69b699269c197c03ed1457e
SHA-256,Hash,968,0.009500,e4e3aded5b3c2a31b992a2ce1a5cde112d2e33f21c121709aaf0987e675e9668
SHA-256,Hash,969,0.009500,6b0391b4e9ffc749a35c935f4475c9ea63414a2e7654256f9d74e929e6387529
SHA-256,Hash,970,0.009400,87f0143d348b2fbf07d138f6ee4bbaa0f8dd4ffef297333ea2271ae7db7896c8
SHA-256,Hash,971,0.009500,aac70ee5688cb4cd64578133579db4ad970780609166cde369454f09aee1569e
SHA-256,Hash,972,0.009800,4591d0be473b588245a561106777662580ecfafce6616ea5d318ec20d7ac00f5
SHA-256,Hash,973,0.009800,7d333f204087572b5c01b91e7f6d60170f2727493f71edab191f89f158016111
SHA-256,Hash,974,0.009400,b8126cb42a20fc73b4ee6f367e1b469d62ef1300763ea7d9ef41f18f6285adc1
SHA-256,Hash,975,0.009800,1d38919e1107d36627884302d290f0e94749f686ded3753ae8f9e6e21b0321f8
SHA-256,Hash,976,0.009500,e0192ed4e4ad70bcc9193b30c3cc457a7ec04d0b83bcdbf523b40e0fd7e03403
SHA-256,Hash,977,0.009400,78fd9225ff9b7570c8ddab5f8c4e3bb63b4ab207c7de7a8088a0eaad08ec2c39
SHA-256,Hash,978,0.009299,01f1aea81c60fe0e3a3d05316268d7e197ed5c98d0c17914312211f520f84923
SHA-256,Hash,979,0.009300,daf404db48d7fc00e0dba340ddf392dd8a8b06276a7ee3445492bf4985c8269b
SHA-256,Hash,980,0.009400,7930dbb1a13c69672a04db58356a881203be5d313ba5cd02aab58b0cfdde097e
SHA-256,Hash,981,0.010000,87a189463d0fc2c4d60be54732518dfd0b1929837aa40b8122dbd756e3e22364
SHA-256,Hash,982,0.009500,5ef16aa19b012468f45890b9c02d557fbd08bc84ace0a19a24a40fa408a20cbf
SHA-256,Hash,983,0.012900,e1238378d28ac7d97e16bb3be32a54235bc0c3aad802bc79fa5bb01a45ebd308
SHA-256,Hash,984,0.010001,729acca53b291ba4729316708d50ef8faa611127869e19ba2fd40d3c1b803437
SHA-256,Hash,985,0.009500,9e6a979a41bd29adf30e8251e2a7ffa44f8b1e87daca247fa08f86cbcbd46311
SHA-256,Hash,986,0.009400,7fa32d3de54225fe62304fdf7031ef3653462ff97fd31da8308a52c47ab4bfea
SHA-256,Hash,987,0.009400,82880b74cd41e457e033b4d64d8fa2e58f97d1be5c84d4c6d1020dc2a5de0636
SHA-256,Hash,988,0.009399,166278f5ad44e214edce962ebe8dee4993e95d25b0bf72b453f8faf3b19ca5fb
SHA-256,Hash,989,0.009399,a86e6c72674c3ce51e7af0eb83ab2481cd00106fdde378501f2404582133ec92
SHA-256,Hash,990,0.009300,dc88df4a3aecab009c1e43243c49a0623581d5f4c63d79e846e06fe8bcaa3131
SHA-256,Hash,991,0.009300,1c90e0a4033b396d87596dcbdcf06e5fc45133cb3e122974c8eda4d78c9e2ec9
SHA-256,Hash,992,0.009300,41d133e7bd8fea7ee08e859b8c0cce2b278e9c9e6213bc64d9972d5bf0269841
SHA-256,Hash,993,0.009800,74ce94d7c8b88b8846b0821df79ce39a7087bd0cf568583cd14544e468b345b8
SHA-256,Hash,994,0.009400,9011f2ffc54ea6d4f735345d1cdc33820a7bb25b235bbabc55c734c7e0fba0c9
SHA-256,Hash,995,0.009300,9bc3a1faf815f21ebd46c74c440d77875f60a796a88468fd24a6d556393fec69
SHA-256,Hash,996,0.020700,1d2dab501089dd2441b023325a97d947b75b3a56aaf5f9638119326868021014
SHA-256,Hash,997,0.009600,3bf0d0a3b36d01da6c205d1e74e3d973378b41459c731dca2e4421b8c4ba1b85
SHA-256,Hash,998,0.009400,1b9fcb460102ffa3a0f89b7522ec829d61f2bb17c80cc2a69d6496425188f288
SHA-256,Hash,999,0.009900,72d60d6abb173e179a270fabf9c8f1c6b2e77fc639a098a58539253167aed0ca
